tell,you,know,unless,our,fire,1
and,lifted,him,across,more,slowly,1
them,tight,up,it,wouldnt,have,1
for,any,of,them,yet,you,1
the,thing,didnt,succeed,principally,alice,1
autumn,when,the,leaves,are,getting,1
just,now,you,watched,just,as,1
very,clock,on,the,chimney,piece,1
its,ear,with,one,paw,and,1
the,queen,said,if,you,dont,1
uninteresting,but,that,all,the,rest,1
she,had,lifted,the,queen,that,1
frightened,her,old,nurse,by,shouting,1
dinah,was,making,you,tidy,so,1
so,wish,it,was,true,im,1
been,hurt,by,the,fall,he,1
hear,her,you,make,me,laugh,1
quite,forgetting,that,the,king,couldnt,1
very,nearly,opening,the,window,and,1
the,worsted,round,the,kittens,neck,1
better,manners,you,ought,dinah,you,1
it,up,to,the,looking,glass,1
added,as,she,smoothed,his,hair,1
on,beyond,oh,kitty,how,nice,1
dont,keep,this,room,so,tidy,1
as,soon,as,she,had,recovered,1
wouldnt,have,happened,now,dont,make,1
thinner,pencil,i,cant,manage,this,1
and,alice,had,been,reduced,at,1
dont,keep,your,mouth,so,wide,1
had,never,seen,in,all,her,1
without,fifty,dinners,at,once,well,1
mind,kitty,well,go,and,see,1
found,himself,held,in,the,air,1
i,feel,somehow,as,if,i,1
see,only,you,know,it,may,1
kittens,neck,just,to,see,how,1
meant,for,its,good,but,the,1
a,dear,and,alice,got,the,1
sleepy,in,the,autumn,when,the,1
quite,clear,that,he,could,neither,1
him,over,among,the,cinders,my,1
pretty,well,considering,so,you,see,1
again,but,she,didnt,get,on,1
the,passage,in,looking,glass,house,1
for,he,was,covered,with,ashes,1
leaves,are,getting,brown,kitty,can,1
in,the,hearth,among,the,cinders,1
was,a,nice,check,kitty,and,1
back,with,it,she,found,he,1
began,writing,for,him,the,poor,1
instance,the,pictures,on,the,wall,1
the,floor,and,yards,and,yards,1
as,she,rushed,past,the,king,1
just,to,make,it,look,as,1
a,sudden,thought,struck,her,and,1
nothing,but,hug,the,little,lily,1
that,now,if,youll,only,attend,1
the,afternoon,and,so,while,alice,1
still,and,trying,to,purr,no,1
that,room,too,but,that,may,1
up,panted,the,queen,who,was,1
the,pictures,on,the,wall,next,1
quite,pleased,to,find,that,there,1
to,go,without,fifty,dinners,at,1
didnt,succeed,principally,alice,said,because,1
im,asking,it,seriously,because,when,1
are,two,castles,walking,arm,in,1
really,frightened,her,old,nurse,by,1
id,far,better,help,you,hadnt,1
when,they,see,me,through,the,1
memorandum,book,out,of,his,pocket,1
held,in,the,air,by,an,1
tail,in,the,middle,oh,you,1
darling,what,have,you,got,to,1
first,thing,she,did,was,to,1
last,quarter,of,an,hour,and,1
can,see,through,the,glass,thats,1
,,looking,glass,house,one,1
check,you,purred,well,it,was,1
down,the,rapid,journey,through,the,1
from,bar,to,bar,till,at,1
could,see,that,bit,i,want,1
of,romps,with,the,ball,of,1
on,her,knee,pretending,to,watch,1
used,to,say,beginning,with,her,1
as,a,model,for,it,to,1
lets,pretend,were,kings,and,queens,1
i,wonder,if,theyd,give,you,1
year,i,should,be,sent,to,1
picked,up,the,queen,and,set,1
ball,of,worsted,alice,had,been,1
just,as,if,some,one,was,1
my,imperial,kitten,and,she,began,1
and,tangles,with,the,kitten,running,1
as,the,king,made,when,he,1
white,queen,sitting,on,the,edge,1
and,as,the,poor,little,lily,1
turned,cold,to,the,very,ends,1
this,though,she,hardly,knew,how,1
up,all,your,punishments,for,wednesday,1
if,you,sat,up,and,folded,1
into,the,looking,glass,room,the,1
had,been,doing,i,was,very,1
now,dont,make,any,more,excuses,1
the,queen,the,king,immediately,fell,1
pretend,were,kings,and,queens,and,1
she,said,afterwards,that,she,had,1
on,the,wall,next,the,fire,1
hear,the,snow,against,the,window,1
hands,and,i,do,so,wish,1
well,it,was,a,nice,check,1
the,red,king,and,the,red,1
glass,has,got,all,soft,like,1
you,and,dont,keep,your,mouth,1
the,leaves,are,getting,brown,kitty,1
with,the,pencil,for,some,time,1
manner,of,things,that,i,dont,1
she,got,back,with,it,she,1
began,winding,up,the,ball,again,1
off,never,mind,kitty,well,go,1
head,closer,down,and,im,nearly,1
kitty,they,dress,themselves,all,in,1
strong,for,him,and,at,last,1
hurt,by,the,fall,he,had,1
go,to,sleep,darlings,till,the,1
out,of,breath,mind,you,come,1
she,was,talking,all,the,time,1
wiggling,down,among,my,pieces,kitty,1
before,she,put,him,on,the,1
sticks,for,the,bonfire,and,it,1
dinah,washed,her,childrens,faces,was,1
suppose,each,punishment,was,to,be,1
as,i,said,she,was,hard,1
she,knocked,him,over,among,the,1
got,the,red,queen,off,the,1
kitty,can,you,play,chess,now,1
the,kittens,neck,just,to,see,1
she,had,really,frightened,her,old,1
her,head,closer,down,and,im,1
for,the,bonfire,and,it,wants,1
purr,no,doubt,feeling,that,it,1
then,smoke,comes,up,in,that,1
she,began,looking,about,and,noticed,1
dear,i,really,must,get,a,1
only,the,words,go,the,wrong,1
loves,the,trees,and,fields,that,1
i,think,if,you,sat,up,1
look,exactly,like,her,now,do,1
panted,out,my,dear,i,really,1
alive,and,the,very,clock,on,1
what,she,had,done,and,went,1
by,an,invisible,hand,and,being,1
puzzled,and,unhappy,and,struggled,with,1
the,arm,chair,taking,the,kitten,1
well,dust,him,a,little,he,1
face,as,the,king,made,when,1
something,like,our,books,only,the,1
upon,the,floor,and,yards,and,1
and,if,youre,not,good,directly,1
kitty,well,go,and,see,the,1
it,lets,pretend,theres,a,way,1
than,the,kitten,what,would,they,1
herself,kitty,sat,very,demurely,on,1
brown,kitty,can,you,play,chess,1
pretend,theres,a,way,of,getting,1
king,as,he,slowly,struggled,up,1
alice,had,been,reduced,at,last,1
dinner,then,when,the,miserable,day,1
she,hastily,picked,up,the,queen,1
glass,house,if,you,leave,the,1
against,the,window,panes,kitty,how,1
me,away,from,the,fire,oh,1
neck,just,to,see,how,it,1
over,his,shoulder,and,began,writing,1
nearly,let,him,drop,upon,the,1
i,was,in,the,old,room,1
wind,up,and,had,been,rolling,1
the,end,of,a,year,i,1
tidy,as,the,other,alice,thought,1
a,chair,all,but,the,bit,1
by,shouting,suddenly,in,her,ear,1
and,went,round,the,room,to,1
the,glass,thats,just,the,same,1
then,it,covers,them,up,snug,1
do,nothing,but,hug,the,little,1
will,get,into,it,there,now,1
ball,again,but,she,didnt,get,1
well,thats,your,fault,for,keeping,1
would,you,like,that,now,if,1
alice,was,a,little,alarmed,at,1
saucer,of,milk,before,her,what,1
in,that,room,too,but,that,1
going,to,tell,you,all,your,1
through,the,glass,thats,just,the,1
youll,be,hours,and,hours,getting,1
thirsty,too,now,for,number,three,1
to,say,for,yourself,now,dont,1
angry,kitty,alice,went,on,as,1
i,saw,all,the,mischief,you,1
nearly,sure,they,cant,see,me,1
with,earlier,in,the,afternoon,and,1
what,would,happen,next,it,is,1
hadnt,been,for,that,nasty,knight,1
pictures,on,the,wall,next,the,1
speech,to,the,kitten,lets,pretend,1
me,she,went,on,as,she,1
was,so,angry,kitty,alice,went,1
as,she,had,recovered,her,breath,1
through,why,its,turning,into,a,1
now,you,cant,deny,it,kitty,1
behind,the,fireplace,oh,i,do,1
her,on,the,table,by,the,1
me,only,dinah,was,making,you,1
whiskers,the,horror,of,that,moment,1
you,better,manners,you,ought,dinah,1
said,check,you,purred,well,it,1
i,think,youre,tidy,enough,she,1
kitten,wouldnt,fold,its,arms,properly,1
havent,got,any,whiskers,the,horror,1
by,its,ear,with,one,paw,1
i,said,check,you,purred,well,1
was,certain,that,the,white,kitten,1
she,went,on,talking,more,to,1
piece,you,know,you,can,only,1
her,ear,nurse,do,lets,pretend,1
one,was,kissing,the,window,all,1
with,a,white,quilt,and,perhaps,1
it,says,go,to,sleep,darlings,1
looking,up,anxiously,into,the,fire,1
have,taught,you,better,manners,you,1
her,and,she,took,hold,of,1
so,wide,open,all,the,ashes,1
when,the,leaves,are,getting,brown,1
had,lifted,the,queen,that,she,1
to,which,the,queen,replied,you,1
away,but,before,she,put,him,1
know,it,may,be,quite,different,1
what,have,you,got,to,say,1
to,see,one,of,the,white,1
bit,it,writes,all,manner,of,1
that,the,king,couldnt,hear,her,1
the,fireplace,oh,i,do,so,1
i,said,she,was,hard,at,1
very,gently,and,lifted,him,across,1
woods,look,sleepy,in,the,autumn,1
away,from,alices,speech,to,the,1
alice,watched,the,white,king,as,1
that,she,mightnt,take,his,breath,1
what,fun,itll,be,when,they,1
she,nearly,let,him,drop,upon,1
glass,house,how,would,you,like,1
that,it,was,in,disgrace,really,1
down,the,saucer,of,milk,before,1
yourself,now,dont,interrupt,me,she,1
the,things,alice,used,to,say,1
was,covered,with,ashes,from,head,1
book,out,of,his,pocket,and,1
saw,all,the,mischief,you,had,1
hear,me,she,went,on,as,1
little,she,called,out,to,the,1
glass,thats,just,the,same,as,1
had,put,down,the,saucer,of,1
at,what,she,had,done,and,1
the,table,behind,alice,and,made,1
itll,be,easy,enough,to,get,1
the,bonfire,and,it,wants,plenty,1
certain,that,the,white,kitten,had,1
can,hear,me,she,went,on,1
on,the,table,by,the,side,1
catching,up,the,kitten,and,giving,1
it,hadnt,been,for,that,nasty,1
had,left,behind,so,i,shall,1
was,watching,the,boys,getting,in,1
youd,shut,them,tight,up,it,1
her,and,began,winding,up,the,1
she,had,had,quite,a,long,1
throw,over,him,however,she,could,1
most,likely,place,to,find,one,1
with,her,sister,only,the,day,1
opening,the,window,and,putting,you,1
all,the,rest,and,once,she,1
at,once,well,i,shouldnt,mind,1
but,a,bottle,of,ink,and,1
about,and,noticed,that,what,could,1
for,instance,the,pictures,on,the,1
alice,looked,on,with,great,interest,1
the,ashes,will,get,into,it,1
i,assure,you,my,dear,i,1
had,a,fire,well,then,the,1
isnt,good,to,drink,but,oh,1
scold,me,away,from,the,fire,1
there,and,certainly,the,glass,was,1
much,to,know,whether,theyve,a,1
i,wasnt,looking,thats,three,faults,1
together,in,a,frightened,whisper,so,1
can,hardly,hold,you,and,dont,1
end,of,a,year,i,should,1
it,couldnt,have,had,any,hand,1
great,arm,chair,half,talking,to,1
the,red,queen,off,the,table,1
the,white,king,who,was,sitting,1
washed,by,the,old,cat,for,1
it,was,the,black,kittens,fault,1
books,to,the,glass,and,then,1
be,one,of,them,then,and,1
only,it,got,so,cold,and,1
fault,entirely,for,the,white,kitten,1
our,books,only,the,words,go,1
faults,number,one,you,squeaked,twice,1
up,one,in,the,other,room,1
was,down,on,her,hands,and,1
week,suppose,they,had,saved,up,1
him,the,poor,king,looked,puzzled,1
it,look,as,if,they,had,1
too,strong,for,him,and,at,1
if,i,were,invisible,here,something,1
hardly,hear,what,they,said,the,1
walking,arm,in,arm,i,dont,1
the,pencil,for,some,time,without,1
he,was,covered,with,ashes,from,1
dont,smile,my,dear,im,asking,1
glass,and,then,they,hold,up,1
my,pieces,kitty,dear,lets,pretend,1
white,king,who,was,sitting,sulkily,1
it,covers,them,up,snug,you,1
to,leave,off,never,mind,kitty,1
to,imitate,however,the,thing,didnt,1
ink,and,when,she,got,back,1
after,its,own,tail,in,the,1
all,the,mischief,you,had,been,1
kitty,dear,lets,pretend,and,here,1
doing,i,was,very,nearly,opening,1
glass,room,the,very,first,thing,1
number,three,you,unwound,every,bit,1
the,winter,you,never,can,tell,1
white,kitten,had,been,having,its,1
fifty,dinners,at,once,well,i,1
keep,this,room,so,tidy,as,1
face,of,a,little,old,man,1
two,she,could,do,nothing,but,1
your,mouth,so,wide,open,all,1
the,king,looking,up,anxiously,into,1
this,is,taking,us,away,from,1
sat,up,and,folded,your,arms,1
for,number,three,you,unwound,every,1
and,sat,down,the,rapid,journey,1
they,had,saved,up,all,my,1
glass,in,here,and,cant,get,1
was,talking,all,the,time,sometimes,1
kitten,and,giving,it,a,little,1
should,have,to,go,without,fifty,1
alice,wound,two,or,three,turns,1
kitty,lets,pretend,the,glass,has,1
couldnt,i,was,watching,the,boys,1
and,being,dusted,he,was,far,1
there,were,only,two,of,them,1
you,play,chess,now,dont,smile,1
while,alice,was,sitting,curled,up,1
what,volcano,said,the,king,looking,1
her,nor,see,her,so,alice,1
ought,to,have,taught,you,better,1
was,to,be,going,without,a,1
might,see,how,sulky,it,was,1
on,with,great,interest,as,the,1
quite,common,and,uninteresting,but,that,1
had,been,having,a,grand,game,1
to,see,if,she,could,find,1
the,one,she,had,left,behind,1
a,nice,check,kitty,and,really,1
,,,,,looking,1
too,now,for,number,three,you,1
other,alice,thought,to,herself,as,1
all,your,faults,number,one,you,1
as,if,you,understood,it,and,1
oh,i,do,so,wish,i,1
now,for,number,three,you,unwound,1
whether,theyve,a,fire,in,the,1
and,begin,kicking,she,watched,it,1
know,whether,theyve,a,fire,in,1
rather,go,without,them,than,eat,1
with,ashes,she,said,afterwards,that,1
a,grand,game,of,romps,with,1
the,words,go,the,wrong,way,1
on,as,soon,as,they,were,1
blazing,away,as,brightly,as,the,1
wednesday,week,suppose,they,had,saved,1
so,much,to,know,whether,theyve,1
listen,number,two,you,pulled,snowdrop,1
wrong,way,i,know,that,because,1
in,silence,as,soon,as,she,1
cat,for,the,last,quarter,of,1
understood,it,and,when,i,said,1
window,with,me,only,dinah,was,1
in,fact,because,therell,be,no,1
im,sure,its,got,oh,such,1
just,the,same,as,our,drawing,1
the,king,rubbing,his,nose,which,1
the,shovel,and,here,are,two,1
kiss,to,make,it,understand,that,1
gauze,so,that,we,can,get,1
you,make,me,laugh,so,that,1
face,all,over,the,wrong,way,1
it,when,i,get,upon,a,1
if,youd,been,up,in,the,1
up,the,kitten,and,giving,it,1
fireplace,and,she,was,quite,pleased,1
lily,in,silence,as,soon,as,1
up,and,had,been,rolling,it,1
began,scrambling,wildly,up,the,side,1
washing,your,face,this,morning,now,1
while,dinah,was,washing,your,face,1
use,and,as,the,poor,little,1
set,it,up,before,the,kitten,1
had,been,rolling,it,up,and,1
up,very,gently,and,lifted,him,1
theres,a,dear,and,alice,got,1
nice,and,soft,it,sounds,just,1
there,perhaps,looking,glass,milk,isnt,1
every,bit,of,the,worsted,while,1
as,you,can,see,only,you,1
table,behind,alice,and,made,her,1
his,pocket,and,began,writing,a,1
me,through,the,glass,in,here,1
be,quite,different,on,beyond,oh,1
any,of,them,yet,you,know,1
was,a,little,alarmed,at,what,1
room,how,would,you,like,to,1
silence,as,soon,as,she,had,1
knees,watching,them,the,chessmen,were,1
be,of,use,and,as,the,1
the,kitten,and,giving,it,a,1
they,see,me,through,the,glass,1
drink,but,oh,kitty,now,we,1
to,the,passage,you,can,just,1
all,soft,like,gauze,so,that,1
several,of,the,chessmen,down,in,1
frightening,them,and,there,are,the,1
to,have,taught,you,better,manners,1
down,by,its,ear,with,one,1
white,quilt,and,perhaps,it,says,1
them,and,there,are,the,white,1
only,attend,kitty,and,not,talk,1
the,glass,in,here,and,cant,1
books,only,the,words,go,the,1
the,ball,as,if,it,would,1
till,it,had,all,come,undone,1
boys,getting,in,sticks,for,the,1
do,with,it,it,was,the,1
voice,as,she,could,manage,and,1
her,now,do,try,theres,a,1
they,dont,keep,this,room,so,1
as,if,they,had,a,fire,1
past,the,king,so,violently,that,1
get,at,me,then,she,began,1
scrambling,wildly,up,the,side,of,1
you,know,what,to,morrow,is,1
back,into,the,arm,chair,taking,1
walking,about,two,and,two,here,1
bone,but,this,is,taking,us,1
queen,kitty,do,you,know,i,1
make,it,understand,that,it,was,1
the,chimney,piece,while,she,said,1
said,in,a,whisper,for,fear,1
number,two,you,pulled,snowdrop,away,1
to,the,kitten,lets,pretend,that,1
no,doubt,feeling,that,it,was,1
at,last,to,say,well,you,1
had,all,come,undone,again,and,1
thats,your,fault,for,keeping,your,1
was,speaking,her,paw,went,into,1
like,a,bright,silvery,mist,in,1
house,im,sure,its,got,oh,1
her,childrens,faces,was,this,first,1
a,little,alarmed,at,what,she,1
be,no,one,here,to,scold,1
romps,with,the,ball,of,worsted,1
away,as,brightly,as,the,one,1
her,noisy,little,daughter,the,queen,1
daughter,the,queen,gasped,and,sat,1
little,old,man,and,grinned,at,1
open,if,youd,shut,them,tight,1
come,up,the,regular,way,dont,1
cat,and,speaking,in,as,cross,1
pencil,for,some,time,without,saying,1
here,are,the,red,king,and,1
you,know,you,can,only,see,1
talking,together,in,a,frightened,whisper,1
are,getting,brown,kitty,can,you,1
in,her,ear,nurse,do,lets,1
like,that,now,if,youll,only,1
among,the,ashes,mind,the,volcano,1
have,you,got,to,say,for,1
in,looking,glass,house,if,you,1
its,face,all,over,the,wrong,1
finished,with,earlier,in,the,afternoon,1
with,lets,pretend,were,kings,and,1
she,didnt,get,on,very,fast,1
next,it,is,the,voice,of,1
she,began,scrambling,wildly,up,the,1
soon,as,she,had,recovered,her,1
he,was,so,covered,with,ashes,1
taught,you,better,manners,you,ought,1
know,unless,our,fire,smokes,and,1
its,face,washed,by,the,old,1
taken,away,her,breath,and,for,1
and,the,very,clock,on,the,1
you,know,she,wasnt,thirsty,too,1
and,lay,perfectly,still,and,alice,1
and,yards,of,it,got,unwound,1
a,white,quilt,and,perhaps,it,1
across,more,slowly,than,she,had,1
plenty,of,sticks,kitty,only,it,1
prison,i,suppose,when,the,day,1
i,could,tell,you,half,the,1
her,they,dont,keep,this,room,1
they,wake,up,in,the,summer,1
the,snow,loves,the,trees,and,1
kitten,had,been,finished,with,earlier,1
put,you,through,into,looking,glass,1
the,ball,again,but,she,didnt,1
lying,quite,still,and,trying,to,1
got,to,say,for,yourself,now,1
want,so,much,to,know,whether,1
the,woods,look,sleepy,in,the,1
the,ashes,mind,the,volcano,what,1
interest,as,the,king,took,an,1
cried,out,quite,forgetting,that,the,1
i,wonder,if,the,snow,loves,1
mischief,you,had,been,doing,i,1
it,wouldnt,have,happened,now,dont,1
one,of,them,then,and,ill,1
wildly,up,the,side,of,the,1
then,when,the,miserable,day,came,1
when,i,saw,all,the,mischief,1
the,glass,was,beginning,to,melt,1
wonder,if,the,snow,loves,the,1
made,her,turn,her,head,just,1
here,alice,wound,two,or,three,1
find,one,blew,me,up,panted,1
at,her,they,dont,keep,this,1
into,a,fit,she,hastily,picked,1
snow,loves,the,trees,and,fields,1
smoothed,his,hair,and,set,him,1
been,trying,to,wind,up,and,1
to,herself,kitty,sat,very,demurely,1
red,queen,off,the,table,and,1
i,wish,i,could,tell,you,1
the,white,king,as,he,slowly,1
wants,plenty,of,sticks,kitty,only,1
then,and,ill,be,all,the,1
purred,well,it,was,a,nice,1
through,into,looking,glass,house,how,1
different,on,beyond,oh,kitty,how,1
time,without,saying,anything,but,alice,1
i,do,so,wish,i,could,1
cant,deny,it,kitty,i,heard,1
the,red,queen,kitty,do,you,1
half,talking,to,herself,and,half,1
been,reduced,at,last,to,say,1
kitty,do,you,know,i,think,1
imitate,however,the,thing,didnt,succeed,1
you,half,the,things,alice,used,1
blown,up,alice,watched,the,white,1
shoulder,and,began,writing,for,him,1
and,youve,not,been,punished,for,1
glass,house,one,thing,was,certain,1
down,on,her,hands,and,knees,1
pencil,i,cant,manage,this,one,1
edge,of,the,shovel,and,here,1
were,you,how,do,you,know,1
my,whiskers,to,which,the,queen,1
your,punishments,for,wednesday,week,suppose,1
the,kitten,as,a,model,for,1
fault,for,keeping,your,eyes,open,1
come,to,the,passage,you,can,1
nose,and,just,now,as,i,1
blows,oh,thats,very,pretty,cried,1
have,guessed,if,youd,been,up,1
find,nothing,but,a,bottle,of,1
bonfire,and,it,wants,plenty,of,1
would,they,do,at,the,end,1
because,when,we,were,playing,just,1
is,kitty,alice,began,youd,have,1
whenever,the,wind,blows,oh,thats,1
playing,just,now,you,watched,just,1
one,of,our,books,to,the,1
as,the,one,she,had,left,1
to,throw,over,him,however,she,1
do,so,wish,i,could,see,1
in,green,and,dance,about,whenever,1
got,unwound,again,do,you,know,1
summer,comes,again,and,when,they,1
on,getting,larger,and,larger,and,1
do,you,know,she,wasnt,thirsty,1
drawing,room,only,the,things,go,1
do,you,know,i,was,so,1
the,rest,was,as,different,as,1
you,dont,make,a,memorandum,of,1
it,was,and,if,youre,not,1
or,three,turns,of,the,worsted,1
taking,us,away,from,alices,speech,1
from,the,fire,oh,what,fun,1
phrase,lets,pretend,she,had,had,1
she,was,down,on,her,hands,1
laugh,so,that,i,can,hardly,1
far,as,you,can,see,only,1
before,the,kitten,as,a,model,1
round,the,kittens,neck,just,to,1
the,fire,seemed,to,be,all,1
last,he,panted,out,my,dear,1
had,been,having,its,face,washed,1
if,you,leave,the,door,of,1
drawing,room,wide,open,and,its,1
knee,pretending,to,watch,the,progress,1
if,you,understood,it,and,when,1
she,was,up,on,the,chimney,1
she,could,find,nothing,but,a,1
find,any,water,to,throw,over,1
books,are,something,like,our,books,1
with,it,she,found,he,had,1
nice,check,kitty,and,really,i,1
precious,lily,my,imperial,kitten,and,1
came,wiggling,down,among,my,pieces,1
can,be,one,of,them,then,1
kitty,i,wonder,if,theyd,give,1
tangles,with,the,kitten,running,after,1
yards,of,it,got,unwound,again,1
sounds,just,as,if,some,one,1
writes,all,manner,of,things,that,1
are,the,white,king,and,the,1
you,milk,in,there,perhaps,looking,1
the,bonfire,to,morrow,here,alice,1
its,got,oh,such,beautiful,things,1
looking,glass,house,kitty,i,wonder,1
alice,had,begun,with,lets,pretend,1
i,can,hardly,hold,you,and,1
was,far,too,much,astonished,to,1
man,and,grinned,at,her,they,1
she,had,never,seen,in,all,1
tight,up,it,wouldnt,have,happened,1
it,you,little,mischievous,darling,what,1
on,the,chimney,piece,while,she,1
of,an,hour,and,bearing,it,1
that,alice,could,hardly,hear,what,1
that,rate,id,far,better,help,1
and,then,she,scrambled,back,into,1
worsted,while,i,wasnt,looking,thats,1
keeping,your,eyes,open,if,youd,1
the,old,room,thought,alice,warmer,1
up,the,ball,again,but,she,1
my,precious,lily,my,imperial,kitten,1
looking,glass,had,got,the,face,1
argued,that,they,couldnt,because,there,1
on,very,fast,as,she,was,1
went,on,holding,up,one,finger,1
the,looking,glass,had,got,the,1
miserable,day,came,i,should,have,1
for,him,and,at,last,he,1
and,putting,you,out,into,the,1
youd,look,exactly,like,her,now,1
little,alarmed,at,what,she,had,1
can,get,through,why,its,turning,1
in,the,looking,glass,had,got,1
of,a,year,i,should,be,1
at,the,old,cat,and,speaking,1
hand,and,being,dusted,he,was,1
in,sticks,for,the,bonfire,and,1
kitty,and,not,talk,so,much,1
house,one,thing,was,certain,that,1
very,first,thing,she,did,was,1
were,playing,just,now,you,watched,1
watching,them,the,chessmen,were,walking,1
once,she,had,really,frightened,her,1
wish,i,could,tell,you,half,1
arm,chair,taking,the,kitten,and,1
life,such,a,face,as,the,1
that,it,couldnt,have,had,any,1
that,all,the,rest,was,as,1
help,you,hadnt,i,but,the,1
the,glass,has,got,all,soft,1
there,was,a,fire,in,the,1
one,a,bit,it,writes,all,1
she,mightnt,take,his,breath,away,1
three,turns,of,the,worsted,round,1
because,therell,be,no,one,here,1
speaking,her,paw,went,into,your,1
into,it,there,now,i,think,1
all,my,punishments,she,went,on,1
jumped,lightly,down,into,the,looking,1
shouting,suddenly,in,her,ear,nurse,1
for,yourself,now,dont,interrupt,me,1
you,couldnt,i,was,watching,the,1
as,if,i,were,invisible,here,1
alarmed,at,what,she,had,done,1
how,do,you,know,she,wasnt,1
putting,you,out,into,the,snow,1
struggled,with,the,pencil,for,some,1
game,of,romps,with,the,ball,1
took,an,enormous,memorandum,book,out,1
the,fireplace,and,she,was,quite,1
knight,that,came,wiggling,down,among,1
because,the,kitten,wouldnt,fold,its,1
taking,the,kitten,and,the,worsted,1
see,how,it,would,look,this,1
then,they,hold,up,one,in,1
dinah,you,know,you,ought,she,1
king,couldnt,hear,her,you,make,1
go,without,fifty,dinners,at,once,1
and,i,do,so,wish,it,1
the,king,took,an,enormous,memorandum,1
sticks,kitty,only,it,got,so,1
green,and,dance,about,whenever,the,1
comes,up,in,that,room,too,1
the,tail,just,as,i,had,1
of,his,pocket,and,began,writing,1
it,kisses,them,so,gently,and,1
dress,themselves,all,in,green,and,1
make,me,laugh,so,that,i,1
hastily,picked,up,the,queen,and,1
you,like,to,live,in,looking,1
more,slowly,than,she,had,lifted,1
and,then,with,the,other,paw,1
do,try,theres,a,dear,and,1
up,the,side,of,the,fender,1
would,you,like,to,live,in,1
him,however,she,could,find,nothing,1
kitty,alice,began,youd,have,guessed,1
up,one,finger,im,going,to,1
dont,make,a,memorandum,of,it,1
writing,for,him,the,poor,king,1
you,understood,it,and,when,i,1
king,so,violently,that,she,knocked,1
hug,the,little,lily,in,silence,1
with,ashes,from,head,to,foot,1
of,it,when,i,get,upon,1
recovered,and,he,and,the,queen,1
in,the,summer,kitty,they,dress,1
and,knees,watching,them,the,chessmen,1
and,it,wants,plenty,of,sticks,1
said,she,was,hard,at,work,1
corner,of,the,great,arm,chair,1
the,middle,oh,you,wicked,little,1
do,lets,pretend,that,im,a,1
to,know,whether,theyve,a,fire,1
whisper,for,fear,of,frightening,them,1
can,tell,you,know,unless,our,1
its,very,like,our,passage,as,1
the,day,before,all,because,alice,1
it,with,great,curiosity,to,see,1
if,some,one,was,kissing,the,1
i,suppose,when,the,day,came,1
king,went,on,i,shall,never,1
kitty,now,we,come,to,the,1
was,a,fire,in,the,fireplace,1
to,sleep,darlings,till,the,summer,1
and,folded,your,arms,youd,look,1
like,her,now,do,try,theres,1
for,the,white,kitten,had,been,1
but,this,is,taking,us,away,1
much,id,far,rather,go,without,1
the,face,of,a,little,old,1
him,drop,upon,the,floor,oh,1
said,this,though,she,hardly,knew,1
the,last,quarter,of,an,hour,1
that,because,ive,held,up,one,1
been,having,its,face,washed,by,1
i,declare,itll,be,easy,enough,1
say,for,yourself,now,dont,interrupt,1
,,,looking,glass,house,1
floor,and,yards,and,yards,of,1
could,be,seen,from,the,old,1
him,and,at,last,he,panted,1
ashes,she,said,afterwards,that,she,1
lily,my,imperial,kitten,and,she,1
two,here,are,the,red,king,1
moment,alice,was,through,the,glass,1
they,had,a,fire,well,then,1
demurely,on,her,knee,pretending,to,1
out,of,his,pocket,and,began,1
was,all,meant,for,its,good,1
a,fire,in,the,fireplace,and,1
and,alice,got,the,red,queen,1
to,be,going,without,a,dinner,1
entirely,for,the,white,kitten,had,1
and,speaking,in,as,cross,a,1
only,the,things,go,the,other,1
in,the,old,room,thought,alice,1
herself,than,the,kitten,what,would,1
but,the,king,took,no,notice,1
and,she,was,quite,pleased,to,1
rubbed,its,face,all,over,the,1
than,she,had,lifted,the,queen,1
tell,you,half,the,things,alice,1
made,when,he,found,himself,held,1
if,it,hadnt,been,for,that,1
you,unwound,every,bit,of,the,1
into,the,arm,chair,taking,the,1
shovel,and,here,are,two,castles,1
some,time,without,saying,anything,but,1
see,the,bonfire,to,morrow,here,1
that,it,might,see,how,sulky,1
when,the,miserable,day,came,i,1
other,room,how,would,you,like,1
the,glass,and,then,they,hold,1
the,rest,and,once,she,had,1
at,that,rate,id,far,better,1
just,now,as,i,said,she,1
and,then,they,hold,up,one,1
i,could,see,that,bit,i,1
there,are,the,white,king,and,1
got,any,whiskers,the,horror,of,1
looked,puzzled,and,unhappy,and,struggled,1
they,couldnt,because,there,were,only,1
its,arms,properly,so,to,punish,1
they,dress,themselves,all,in,green,1
gasped,and,sat,down,the,rapid,1
mind,the,volcano,what,volcano,said,1
get,upon,a,chair,all,but,1
one,paw,and,gently,touching,the,1
the,great,arm,chair,half,talking,1
id,far,rather,go,without,them,1
bearing,it,pretty,well,considering,so,1
just,as,if,you,understood,it,1
never,mind,kitty,well,go,and,1
common,and,uninteresting,but,that,all,1
first,she,held,the,poor,thing,1
one,blazing,away,as,brightly,as,1
hour,and,bearing,it,pretty,well,1
kitten,and,the,worsted,with,her,1
i,but,the,king,took,no,1
oh,such,beautiful,things,in,it,1
as,she,noticed,several,of,the,1
fire,in,the,fireplace,and,she,1
a,memorandum,of,it,alice,looked,1
and,not,talk,so,much,ill,1
getting,to,the,table,at,that,1
one,she,had,left,behind,so,1
was,too,strong,for,him,and,1
it,was,in,disgrace,really,dinah,1
began,writing,a,sudden,thought,struck,1
queen,the,king,immediately,fell,flat,1
of,surprise,she,was,down,on,1
hold,you,and,dont,keep,your,1
as,she,could,manage,and,then,1
queen,who,was,still,a,little,1
see,the,back,of,it,in,1
room,so,tidy,as,the,other,1
very,like,our,passage,as,far,1
rolled,down,upon,the,floor,and,1
make,a,memorandum,of,it,alice,1
that,the,white,kitten,had,had,1
so,low,that,alice,could,hardly,1
pawns,roll,over,and,begin,kicking,1
youre,the,red,queen,kitty,do,1
into,the,snow,and,youd,have,1
from,the,old,room,was,quite,1
can,see,all,of,it,when,1
went,into,your,eye,well,thats,1
held,it,up,to,the,looking,1
whiskers,to,which,the,queen,replied,1
way,i,know,that,because,ive,1
you,all,my,ideas,about,looking,1
thing,cried,alice,catching,up,the,1
and,rounder,and,rounder,till,her,1
nothing,but,a,bottle,of,ink,1
flat,on,his,back,and,lay,1
you,know,im,saving,up,all,1
and,had,jumped,lightly,down,into,1
i,want,so,much,to,know,1
kitten,had,been,having,a,grand,1
all,the,ashes,will,get,into,1
here,to,scold,me,away,from,1
this,first,she,held,the,poor,1
a,bright,silvery,mist,in,another,1
hadnt,i,but,the,king,took,1
alice,said,because,the,kitten,wouldnt,1
to,help,if,it,might,do,1
again,and,there,it,was,spread,1
and,larger,and,rounder,and,rounder,1
deserved,it,you,little,mischievous,darling,1
nearly,opening,the,window,and,putting,1
of,the,fender,imperial,fiddlestick,said,1
herself,as,she,noticed,several,of,1
had,been,trying,to,wind,up,1
looking,reproachfully,at,the,old,cat,1
the,wrong,way,beginning,at,the,1
she,could,find,any,water,to,1
of,the,pencil,which,came,some,1
he,and,the,queen,were,talking,1
pretend,and,here,i,wish,i,1
and,the,worsted,with,her,and,1
king,looked,puzzled,and,unhappy,and,1
you,will,though,the,queen,said,1
it,had,all,come,undone,again,1
in,there,perhaps,looking,glass,milk,1
then,putting,out,one,paw,and,1
of,worsted,alice,had,been,trying,1
dropping,the,ball,of,worsted,to,1
nor,see,her,so,alice,picked,1
his,hair,and,set,him,upon,1
wide,open,and,its,very,like,1
she,took,hold,of,the,end,1
of,our,drawing,room,wide,open,1
while,she,said,this,though,she,1
but,oh,kitty,now,we,come,1
the,poor,king,looked,puzzled,and,1
faces,my,dear,she,cried,out,1
glass,milk,isnt,good,to,drink,1
lightly,down,into,the,looking,glass,1
kitty,and,youve,not,been,punished,1
the,looking,glass,that,it,might,1
chair,half,talking,to,herself,and,1
when,the,day,came,or,let,1
lets,pretend,and,here,i,wish,1
that,it,kisses,them,so,gently,1
as,if,he,thought,that,was,1
nothing,to,do,with,it,it,1
im,saving,up,all,your,punishments,1
the,floor,oh,please,dont,make,1
which,the,ball,rolled,down,upon,1
who,was,sitting,sulkily,among,the,1
dear,im,asking,it,seriously,because,1
the,rapid,journey,through,the,air,1
you,like,that,now,if,youll,1
little,mischievous,darling,what,have,you,1
good,to,drink,but,oh,kitty,1
it,pretty,well,considering,so,you,1
and,when,they,wake,up,in,1
and,began,winding,up,the,ball,1
she,added,looking,reproachfully,at,the,1
pieces,kitty,dear,lets,pretend,and,1
one,you,squeaked,twice,while,dinah,1
over,the,hearth,rug,all,knots,1
next,the,fire,seemed,to,be,1
up,before,the,kitten,as,a,1
annoyed,with,the,queen,for,he,1
chimney,piece,while,she,said,this,1
your,arms,youd,look,exactly,like,1
down,in,the,hearth,among,the,1
through,into,it,somehow,kitty,lets,1
two,or,three,turns,of,the,1
theres,the,room,you,can,see,1
as,i,was,in,the,old,1
been,having,a,grand,game,of,1
two,castles,walking,arm,in,arm,1
because,ive,held,up,one,of,1
was,spread,over,the,hearth,rug,1
of,the,worsted,round,the,kittens,1
i,can,see,all,of,it,1
through,the,glass,and,had,jumped,1
something,began,squeaking,on,the,table,1
the,mischief,the,way,dinah,washed,1
imperial,fiddlestick,said,the,king,rubbing,1
says,go,to,sleep,darlings,till,1
had,had,nothing,to,do,with,1
a,little,peep,of,the,passage,1
journey,through,the,air,had,quite,1
with,the,ball,of,worsted,alice,1
looking,glass,room,the,very,first,1
and,im,nearly,sure,they,cant,1
when,he,found,himself,held,in,1
hearth,rug,all,knots,and,tangles,1
go,without,them,than,eat,them,1
seen,in,all,her,life,such,1
im,sure,the,woods,look,sleepy,1
white,king,and,the,white,queen,1
scramble,in,which,the,ball,rolled,1
must,get,a,thinner,pencil,i,1
my,ideas,about,looking,glass,house,1
with,her,and,began,winding,up,1
queen,gasped,and,sat,down,the,1
shook,so,with,laughing,that,she,1
cant,get,at,me,then,she,1
side,of,the,fender,imperial,fiddlestick,1
you,leave,the,door,of,our,1
seemed,to,be,all,alive,and,1
fire,as,if,he,thought,that,1
she,held,the,poor,thing,down,1
was,washing,your,face,this,morning,1
to,wind,up,and,had,been,1
violently,that,she,knocked,him,over,1
to,make,it,understand,that,it,1
chessmen,were,walking,about,two,and,1
would,be,if,we,could,only,1
out,as,she,rushed,past,the,1
get,through,why,its,turning,into,1
and,queens,and,her,sister,who,1
never,forget,you,will,though,the,1
of,the,passage,in,looking,glass,1
this,room,so,tidy,as,the,1
sure,its,got,oh,such,beautiful,1
dinah,was,washing,your,face,this,1
that,i,can,hardly,hold,you,1
struck,her,and,she,took,hold,1
youre,tidy,enough,she,added,as,1
at,me,then,she,began,looking,1
on,holding,up,one,finger,im,1
to,watch,the,progress,of,the,1
little,he,was,so,covered,with,1
down,among,my,pieces,kitty,dear,1
won,if,it,hadnt,been,for,1
scrambled,back,into,the,arm,chair,1
faces,was,this,first,she,held,1
again,when,i,saw,all,the,1
clock,on,the,chimney,piece,you,1
low,that,alice,could,hardly,hear,1
soft,like,gauze,so,that,we,1
a,little,annoyed,with,the,queen,1
i,might,have,won,if,it,1
she,had,done,and,went,round,1
upon,the,table,near,the,queen,1
with,laughing,that,she,nearly,let,1
you,know,you,ought,she,added,1
went,on,as,soon,as,they,1
you,how,do,you,know,she,1
that,she,knocked,him,over,among,1
alice,was,very,anxious,to,be,1
i,was,so,angry,kitty,alice,1
in,it,lets,pretend,theres,a,1
has,got,all,soft,like,gauze,1
youll,only,attend,kitty,and,not,1
two,you,pulled,snowdrop,away,by,1
window,panes,kitty,how,nice,and,1
cry,out,but,his,eyes,and,1
face,washed,by,the,old,cat,1
finger,im,going,to,tell,you,1
and,her,sister,who,liked,being,1
house,how,would,you,like,that,1
squeaked,twice,while,dinah,was,washing,1
tell,you,all,my,ideas,about,1
the,question,it,was,quite,clear,1
that,moment,the,king,went,on,1
a,hungry,hyaena,and,youre,a,1
the,trees,and,fields,that,it,1
the,kitten,what,would,they,do,1
as,i,had,put,down,the,1
among,the,cinders,but,in,another,1
alice,picked,him,up,very,gently,1
began,youd,have,guessed,if,youd,1
been,doing,i,was,very,nearly,1
youre,not,good,directly,she,added,1
in,the,winter,you,never,can,1
you,havent,got,any,whiskers,the,1
a,frightened,whisper,so,low,that,1
in,a,whisper,for,fear,of,1
in,the,middle,oh,you,wicked,1
that,nasty,knight,that,came,wiggling,1
can,only,see,the,back,of,1
but,that,all,the,rest,was,1
white,pawns,roll,over,and,begin,1
she,rushed,past,the,king,so,1
kisses,them,so,gently,and,then,1
she,wasnt,thirsty,too,now,for,1
asking,it,seriously,because,when,we,1
gently,touching,the,ball,as,if,1
here,i,wish,i,could,tell,1
she,scrambled,back,into,the,arm,1
on,the,table,she,thought,she,1
eye,well,thats,your,fault,for,1
it,was,all,meant,for,its,1
was,quite,clear,that,he,could,1
make,any,more,excuses,but,listen,1
to,look,whether,there,was,a,1
breath,away,but,before,she,put,1
was,true,im,sure,the,woods,1
things,alice,used,to,say,beginning,1
the,air,had,quite,taken,away,1
and,unhappy,and,struggled,with,the,1
kitty,and,really,i,might,have,1
looking,glass,house,first,theres,the,1
considering,so,you,see,that,it,1
you,know,with,a,white,quilt,1
of,my,child,the,white,queen,1
punish,it,she,held,it,up,1
ends,of,my,whiskers,to,which,1
enormous,memorandum,book,out,of,his,1
she,held,it,up,to,the,1
and,rounder,till,her,hand,shook,1
true,im,sure,the,woods,look,1
know,i,was,so,angry,kitty,1
suppose,they,had,saved,up,all,1
i,do,so,wish,it,was,1
she,had,got,there,and,certainly,1
bit,of,the,worsted,while,i,1
declare,itll,be,easy,enough,to,1
child,the,white,queen,cried,out,1
the,voice,of,my,child,the,1
anything,but,alice,was,too,strong,1
side,of,her,noisy,little,daughter,1
dont,make,any,more,excuses,but,1
the,white,queen,cried,out,as,1
your,eye,well,thats,your,fault,1
the,way,dinah,washed,her,childrens,1
be,all,the,rest,and,once,1
disgrace,really,dinah,ought,to,have,1
hands,and,knees,watching,them,the,1
on,i,shall,never,never,forget,1
for,a,minute,or,two,she,1
room,was,quite,common,and,uninteresting,1
if,we,could,only,get,through,1
the,ball,rolled,down,upon,the,1
said,why,youll,be,hours,and,1
mightnt,take,his,breath,away,but,1
upon,the,floor,oh,please,dont,1
of,things,that,i,dont,intend,1
one,thing,was,certain,that,the,1
so,alice,picked,him,up,very,1
up,in,that,room,too,but,1
putting,out,one,paw,and,gently,1
it,was,quite,clear,that,he,1
when,we,were,playing,just,now,1
getting,through,into,it,somehow,kitty,1
were,kings,and,queens,and,her,1
itll,be,when,they,see,me,1
in,the,fireplace,and,she,was,1
lifted,him,across,more,slowly,than,1
unhappy,and,struggled,with,the,pencil,1
thirsty,were,you,how,do,you,1
as,well,dust,him,a,little,1
time,sometimes,to,the,kitten,and,1
white,kitten,which,was,lying,quite,1
this,led,to,a,scramble,in,1
play,chess,now,dont,smile,my,1
foot,alice,was,very,anxious,to,1
the,kitten,wouldnt,fold,its,arms,1
before,her,what,you,were,thirsty,1
all,the,time,sometimes,to,the,1
which,had,been,hurt,by,the,1
know,im,saving,up,all,your,1
snow,and,youd,have,deserved,it,1
house,kitty,i,wonder,if,theyd,1
on,her,hands,and,knees,watching,1
breath,a,little,she,called,out,1
being,very,exact,had,argued,that,1
and,sometimes,to,herself,kitty,sat,1
shall,be,as,warm,here,as,1
white,kitten,had,had,nothing,to,1
winter,you,never,can,tell,you,1
lets,pretend,theres,a,way,of,1
out,to,the,white,king,who,1
pretending,that,the,kitten,was,speaking,1
beautiful,things,in,it,lets,pretend,1
how,would,you,like,that,now,1
little,daughter,the,queen,gasped,and,1
the,queen,that,she,mightnt,take,1
fold,its,arms,properly,so,to,1
it,there,now,i,think,youre,1
all,the,rest,was,as,different,1
had,had,quite,a,long,argument,1
wind,blows,oh,thats,very,pretty,1
if,youll,only,attend,kitty,and,1
the,old,cat,and,speaking,in,1
among,my,pieces,kitty,dear,lets,1
dear,lets,pretend,and,here,i,1
now,we,come,to,the,passage,1
she,thought,she,might,as,well,1
be,only,pretence,just,to,make,1
the,table,at,that,rate,id,1
three,you,unwound,every,bit,of,1
the,side,of,her,noisy,little,1
and,there,it,was,spread,over,1
and,began,writing,for,him,the,1
looking,glass,milk,isnt,good,to,1
two,and,two,here,are,the,1
at,the,nose,and,just,now,1
sat,down,the,rapid,journey,through,1
said,the,king,was,saying,i,1
head,just,in,time,to,see,1
the,fire,as,if,he,thought,1
the,white,queen,sitting,on,the,1
have,to,go,without,fifty,dinners,1
some,one,was,kissing,the,window,1
the,same,as,our,drawing,room,1
dance,about,whenever,the,wind,blows,1
queens,and,her,sister,who,liked,1
think,they,can,hear,me,she,1
horror,of,that,moment,the,king,1
them,up,snug,you,know,with,1
away,from,the,fire,oh,what,1
begin,kicking,she,watched,it,with,1
get,through,she,was,up,on,1
alice,said,in,a,whisper,for,1
been,finished,with,earlier,in,the,1
question,it,was,quite,clear,that,1
of,the,question,it,was,quite,1
and,hours,getting,to,the,table,1
would,happen,next,it,is,the,1
punished,for,any,of,them,yet,1
into,looking,glass,house,how,would,1
so,gently,and,then,it,covers,1
punishment,was,to,be,going,without,1
reproachfully,at,the,old,cat,and,1
understand,that,it,was,in,disgrace,1
you,my,dear,i,turned,cold,1
in,which,the,ball,rolled,down,1
were,walking,about,two,and,two,1
sitting,sulkily,among,the,ashes,mind,1
behind,alice,and,made,her,turn,1
she,could,do,nothing,but,hug,1
warmer,in,fact,because,therell,be,1
her,turn,her,head,just,in,1
turn,her,head,just,in,time,1
real,one,blazing,away,as,brightly,1
how,sulky,it,was,and,if,1
quite,still,and,trying,to,purr,1
was,kissing,the,window,all,over,1
getting,in,sticks,for,the,bonfire,1
the,king,immediately,fell,flat,on,1
you,can,just,see,a,little,1
a,minute,or,two,she,could,1
to,the,very,ends,of,my,1
she,watched,it,with,great,curiosity,1
heard,you,whats,that,you,say,1
was,and,if,youre,not,good,1
mischievous,darling,what,have,you,got,1
make,such,faces,my,dear,she,1
was,very,anxious,to,be,of,1
the,room,you,can,see,through,1
breath,mind,you,come,up,the,1
day,came,or,let,me,see,1
recovered,her,breath,a,little,she,1
go,the,wrong,way,i,know,1
way,dont,get,blown,up,alice,1
i,had,put,down,the,saucer,1
be,all,alive,and,the,very,1
it,seriously,because,when,we,were,1
old,room,was,quite,common,and,1
sleep,darlings,till,the,summer,comes,1
glass,house,first,theres,the,room,1
rushed,past,the,king,so,violently,1
theyve,a,fire,in,the,winter,1
the,white,pawns,roll,over,and,1
its,good,but,the,black,kitten,1
the,table,she,thought,she,might,1
succeed,principally,alice,said,because,the,1
bar,to,bar,till,at,last,1
floor,oh,please,dont,make,such,1
alice,catching,up,the,kitten,and,1
and,his,mouth,went,on,getting,1
to,say,beginning,with,her,favourite,1
and,began,writing,a,sudden,thought,1
still,and,alice,was,a,little,1
live,in,looking,glass,house,kitty,1
it,up,before,the,kitten,as,1
snow,against,the,window,panes,kitty,1
into,the,fire,as,if,he,1
passage,in,looking,glass,house,if,1
way,over,his,shoulder,and,began,1
if,youd,shut,them,tight,up,1
beginning,at,the,nose,and,just,1
of,it,got,unwound,again,do,1
only,the,day,before,all,because,1
turns,of,the,worsted,round,the,1
for,it,to,imitate,however,the,1
voice,of,my,child,the,white,1
kitten,lets,pretend,that,youre,the,1
round,the,room,to,see,if,1
to,melt,away,just,like,a,1
table,by,the,side,of,her,1
give,you,milk,in,there,perhaps,1
and,set,it,up,before,the,1
not,good,directly,she,added,ill,1
grand,game,of,romps,with,the,1
it,kitty,i,heard,you,whats,1
of,breath,mind,you,come,up,1
had,really,frightened,her,old,nurse,1
fear,of,frightening,them,and,there,1
get,on,very,fast,as,she,1
attend,kitty,and,not,talk,so,1
it,was,a,nice,check,kitty,1
the,chimney,piece,you,know,you,1
by,the,tail,just,as,i,1
nearly,screaming,herself,into,a,fit,1
ill,be,all,the,rest,and,1
was,to,look,whether,there,was,1
nice,it,would,be,if,we,1
poor,king,looked,puzzled,and,unhappy,1
you,through,into,looking,glass,house,1
know,with,a,white,quilt,and,1
picked,him,up,very,gently,and,1
certainly,the,glass,was,beginning,to,1
different,as,possible,for,instance,the,1
the,table,near,the,queen,the,1
queen,off,the,table,and,set,1
old,cat,for,the,last,quarter,1
beyond,oh,kitty,how,nice,it,1
her,breath,a,little,she,called,1
if,it,might,do,you,know,1
a,little,old,man,and,grinned,1
here,as,i,was,in,the,1
old,room,thought,alice,warmer,in,1
fun,itll,be,when,they,see,1
oh,you,wicked,little,thing,cried,1
little,lily,was,nearly,screaming,herself,1
but,listen,number,two,you,pulled,1
how,would,you,like,to,live,1
oh,what,fun,itll,be,when,1
any,water,to,throw,over,him,1
think,if,you,sat,up,and,1
open,all,the,ashes,will,get,1
only,two,of,them,and,alice,1
away,by,the,tail,just,as,1
the,very,ends,of,my,whiskers,1
set,her,on,the,table,by,1
try,theres,a,dear,and,alice,1
he,found,himself,held,in,the,1
unless,our,fire,smokes,and,then,1
thats,very,pretty,cried,alice,dropping,1
kitten,running,after,its,own,tail,1
get,blown,up,alice,watched,the,1
washed,her,childrens,faces,was,this,1
settled,again,when,i,saw,all,1
you,can,only,see,the,back,1
for,fear,of,frightening,them,and,1
screaming,herself,into,a,fit,she,1
up,the,regular,way,dont,get,1
little,kiss,to,make,it,understand,1
know,you,can,only,see,the,1
folded,your,arms,youd,look,exactly,1
glass,had,got,the,face,of,1
well,then,the,books,are,something,1
he,slowly,struggled,up,from,bar,1
in,as,cross,a,voice,as,1
went,on,i,shall,never,never,1
the,snow,and,youd,have,deserved,1
the,ball,of,worsted,to,clap,1
at,work,on,the,white,kitten,1
and,for,a,minute,or,two,1
im,going,to,tell,you,all,1
could,find,any,water,to,throw,1
of,ink,and,when,she,got,1
you,come,up,the,regular,way,1
of,my,whiskers,to,which,the,1
to,be,all,alive,and,the,1
and,the,white,queen,sitting,on,1
wasnt,thirsty,too,now,for,number,1
there,it,was,spread,over,the,1
fiddlestick,said,the,king,rubbing,his,1
that,what,could,be,seen,from,1
curled,up,in,a,corner,of,1
see,if,she,could,find,any,1
the,winding,and,now,and,then,1
up,anxiously,into,the,fire,as,1
he,panted,out,my,dear,i,1
however,she,could,find,nothing,but,1
could,hardly,hear,what,they,said,1
queen,sitting,on,the,edge,of,1
the,kitten,was,speaking,her,paw,1
perhaps,it,says,go,to,sleep,1
cried,out,as,she,rushed,past,1
making,you,tidy,so,you,couldnt,1
looking,glass,house,if,you,leave,1
little,oh,of,surprise,she,was,1
covered,with,ashes,she,said,afterwards,1
replied,you,havent,got,any,whiskers,1
them,yet,you,know,im,saving,1
hard,at,work,on,the,white,1
lay,perfectly,still,and,alice,was,1
somehow,as,if,i,were,invisible,1
the,old,cat,for,the,last,1
panted,the,queen,who,was,still,1
so,violently,that,she,knocked,him,1
had,to,leave,off,never,mind,1
room,only,the,things,go,the,1
mist,in,another,moment,alice,was,1
added,looking,reproachfully,at,the,old,1
little,out,of,breath,mind,you,1
she,had,recovered,her,breath,a,1
whisper,so,low,that,alice,could,1
they,hold,up,one,in,the,1
the,queen,and,set,her,on,1
knew,how,she,had,got,there,1
liked,being,very,exact,had,argued,1
you,can,see,through,the,glass,1
was,lying,quite,still,and,trying,1
before,all,because,alice,had,begun,1
,looking,glass,house,one,thing,1
the,king,took,no,notice,of,1
ball,as,if,it,would,be,1
was,a,real,one,blazing,away,1
of,them,and,alice,had,been,1
lets,pretend,the,glass,has,got,1
if,it,would,be,glad,to,1
thats,just,the,same,as,our,1
wake,up,in,the,summer,kitty,1
up,and,down,till,it,had,1
ill,put,you,through,into,looking,1
and,cant,get,at,me,then,1
chair,taking,the,kitten,and,the,1
so,you,couldnt,i,was,watching,1
poor,thing,down,by,its,ear,1
she,put,him,on,the,table,1
invisible,here,something,began,squeaking,on,1
to,the,kitten,and,sometimes,to,1
were,invisible,here,something,began,squeaking,1
her,you,make,me,laugh,so,1
wicked,little,thing,cried,alice,catching,1
was,sitting,curled,up,in,a,1
cried,alice,dropping,the,ball,of,1
that,he,could,neither,hear,her,1
put,down,the,saucer,of,milk,1
volcano,what,volcano,said,the,king,1
down,into,the,looking,glass,room,1
saved,up,all,my,punishments,she,1
was,very,nearly,opening,the,window,1
like,our,books,only,the,words,1
kissing,the,window,all,over,outside,1
to,the,white,king,who,was,1
i,turned,cold,to,the,very,1
i,should,be,sent,to,prison,1
therell,be,no,one,here,to,1
had,quite,a,long,argument,with,1
the,door,of,our,drawing,room,1
silvery,mist,in,another,moment,alice,1
touching,the,ball,as,if,it,1
same,as,our,drawing,room,only,1
kitty,i,heard,you,whats,that,1
alice,and,made,her,turn,her,1
go,the,other,way,i,can,1
a,little,she,called,out,to,1
herself,and,half,asleep,the,kitten,1
the,other,paw,she,rubbed,its,1
youd,have,deserved,it,you,little,1
as,possible,for,instance,the,pictures,1
alice,was,too,strong,for,him,1
went,on,as,she,put,her,1
our,fire,smokes,and,then,smoke,1
up,on,the,chimney,piece,while,1
of,her,noisy,little,daughter,the,1
spread,over,the,hearth,rug,all,1
mind,you,come,up,the,regular,1
of,worsted,to,clap,her,hands,1
she,was,hard,at,work,on,1
and,here,are,two,castles,walking,1
perfectly,still,and,alice,was,a,1
then,she,began,looking,about,and,1
him,a,little,he,was,so,1
soon,as,they,were,comfortably,settled,1
was,so,covered,with,ashes,she,1
our,books,to,the,glass,and,1
dinners,at,once,well,i,shouldnt,1
pretending,to,watch,the,progress,of,1
far,better,help,you,hadnt,i,1
see,one,of,the,white,pawns,1
through,she,was,up,on,the,1
that,you,say,pretending,that,the,1
and,here,i,wish,i,could,1
a,little,kiss,to,make,it,1
enough,she,added,as,she,smoothed,1
my,punishments,she,went,on,talking,1
were,comfortably,settled,again,when,i,1
i,cant,manage,this,one,a,1
fields,that,it,kisses,them,so,1
with,the,kitten,running,after,its,1
giving,it,a,little,kiss,to,1
be,when,they,see,me,through,1
good,directly,she,added,ill,put,1
thought,to,herself,as,she,noticed,1
quite,taken,away,her,breath,and,1
one,finger,im,going,to,tell,1
the,black,kittens,fault,entirely,for,1
youve,not,been,punished,for,any,1
the,white,king,and,the,white,1
me,then,she,began,looking,about,1
some,way,over,his,shoulder,and,1
alice,was,through,the,glass,and,1
went,on,talking,more,to,herself,1
find,that,there,was,a,real,1
i,get,upon,a,chair,all,1
rounder,and,rounder,till,her,hand,1
passage,as,far,as,you,can,1
he,thought,that,was,the,most,1
her,breath,and,for,a,minute,1
hours,getting,to,the,table,at,1
and,youd,have,deserved,it,you,1
wall,next,the,fire,seemed,to,1
winding,up,the,ball,again,but,1
anxious,to,be,of,use,and,1
blew,me,up,panted,the,queen,1
undone,again,and,there,it,was,1
see,suppose,each,punishment,was,to,1
sudden,thought,struck,her,and,she,1
youd,been,up,in,the,window,1
saying,i,assure,you,my,dear,1
a,little,out,of,breath,mind,1
panes,kitty,how,nice,and,soft,1
been,punished,for,any,of,them,1
to,purr,no,doubt,feeling,that,1
morrow,here,alice,wound,two,or,1
trying,to,purr,no,doubt,feeling,1
ball,rolled,down,upon,the,floor,1
to,bar,till,at,last,she,1
talking,all,the,time,sometimes,to,1
but,before,she,put,him,on,1
i,really,must,get,a,thinner,1
looking,glass,house,im,sure,its,1
slowly,struggled,up,from,bar,to,1
you,hadnt,i,but,the,king,1
to,drink,but,oh,kitty,now,1
comes,again,and,when,they,wake,1
open,and,its,very,like,our,1
the,pencil,which,came,some,way,1
noticed,that,what,could,be,seen,1
all,manner,of,things,that,i,1
it,was,true,im,sure,the,1
his,back,and,lay,perfectly,still,1
my,dear,i,turned,cold,to,1
punishments,for,wednesday,week,suppose,they,1
kitty,how,nice,and,soft,it,1
in,looking,glass,house,kitty,i,1
know,i,think,if,you,sat,1
them,do,you,hear,the,snow,1
theyd,give,you,milk,in,there,1
you,tidy,so,you,couldnt,i,1
with,a,little,oh,of,surprise,1
more,excuses,but,listen,number,two,1
any,more,excuses,but,listen,number,1
look,whether,there,was,a,fire,1
thing,she,did,was,to,look,1
the,king,made,when,he,found,1
fire,in,the,winter,you,never,1
that,we,can,get,through,why,1
it,was,spread,over,the,hearth,1
was,in,the,old,room,thought,1
way,beginning,at,the,nose,and,1
was,making,you,tidy,so,you,1
in,the,mischief,the,way,dinah,1
and,then,smoke,comes,up,in,1
hear,her,nor,see,her,so,1
wasnt,looking,thats,three,faults,kitty,1
looked,on,with,great,interest,as,1
running,after,its,own,tail,in,1
and,really,i,might,have,won,1
oh,kitty,now,we,come,to,1
the,kitten,running,after,its,own,1
could,manage,and,then,she,scrambled,1
them,then,and,ill,be,all,1
nasty,knight,that,came,wiggling,down,1
smokes,and,then,smoke,comes,up,1
came,some,way,over,his,shoulder,1
one,paw,and,then,with,the,1
with,her,favourite,phrase,lets,pretend,1
and,just,now,as,i,said,1
and,grinned,at,her,they,dont,1
very,anxious,to,be,of,use,1
my,dear,im,asking,it,seriously,1
ashes,will,get,into,it,there,1
by,the,old,cat,for,the,1
the,little,lily,in,silence,as,1
in,time,to,see,one,of,1
the,poor,little,lily,was,nearly,1
alice,got,the,red,queen,off,1
king,took,no,notice,of,the,1
up,one,of,our,books,to,1
could,find,nothing,but,a,bottle,1
only,see,the,back,of,it,1
for,some,time,without,saying,anything,1
black,kittens,fault,entirely,for,the,1
the,air,by,an,invisible,hand,1
was,the,black,kittens,fault,entirely,1
so,covered,with,ashes,she,said,1
we,can,get,through,why,its,1
the,miserable,day,came,i,should,1
end,of,the,pencil,which,came,1
rapid,journey,through,the,air,had,1
was,this,first,she,held,the,1
poor,little,lily,was,nearly,screaming,1
should,be,sent,to,prison,i,1
see,all,of,it,when,i,1
were,only,two,of,them,and,1
it,a,little,kiss,to,make,1
pretend,she,had,had,quite,a,1
king,who,was,sitting,sulkily,among,1
he,had,a,right,to,be,1
youd,have,guessed,if,youd,been,1
dear,and,alice,got,the,red,1
your,eyes,open,if,youd,shut,1
holding,up,one,finger,im,going,1
be,as,warm,here,as,i,1
and,made,her,turn,her,head,1
right,to,be,a,little,annoyed,1
covered,with,ashes,from,head,to,1
that,the,kitten,was,speaking,her,1
you,know,i,was,so,angry,1
no,one,here,to,scold,me,1
when,they,wake,up,in,the,1
it,up,and,down,till,it,1
may,be,quite,different,on,beyond,1
hand,in,the,mischief,the,way,1
trees,and,fields,that,it,kisses,1
assure,you,my,dear,i,turned,1
to,morrow,is,kitty,alice,began,1
you,say,pretending,that,the,kitten,1
king,took,an,enormous,memorandum,book,1
kitty,how,nice,it,would,be,1
yet,you,know,im,saving,up,1
paw,and,gently,touching,the,ball,1
go,and,see,the,bonfire,to,1
all,meant,for,its,good,but,1
now,dont,smile,my,dear,im,1
for,its,good,but,the,black,1
you,hear,the,snow,against,the,1
leave,off,never,mind,kitty,well,1
lifted,the,queen,that,she,mightnt,1
you,ought,dinah,you,know,you,1
say,beginning,with,her,favourite,phrase,1
get,a,thinner,pencil,i,cant,1
worsted,to,clap,her,hands,and,1
of,our,books,to,the,glass,1
as,the,other,alice,thought,to,1
with,it,it,was,the,black,1
only,you,know,it,may,be,1
two,of,them,and,alice,had,1
happen,next,it,is,the,voice,1
very,fast,as,she,was,talking,1
her,hands,and,knees,watching,them,1
been,up,in,the,window,with,1
ear,nurse,do,lets,pretend,that,1
and,it,snowed,so,they,had,1
how,nice,it,would,be,if,1
put,him,on,the,table,she,1
much,astonished,to,cry,out,but,1
cried,alice,catching,up,the,kitten,1
only,dinah,was,making,you,tidy,1
and,see,the,bonfire,to,morrow,1
till,her,hand,shook,so,with,1
said,the,king,rubbing,his,nose,1
have,happened,now,dont,make,any,1
and,perhaps,it,says,go,to,1
me,i,feel,somehow,as,if,1
your,fault,for,keeping,your,eyes,1
got,back,with,it,she,found,1
all,of,it,when,i,get,1
the,king,was,saying,i,assure,1
any,hand,in,the,mischief,the,1
another,moment,alice,was,through,the,1
arm,chair,half,talking,to,herself,1
what,would,they,do,at,the,1
house,if,you,leave,the,door,1
had,jumped,lightly,down,into,the,1
from,head,to,foot,alice,was,1
as,the,poor,little,lily,was,1
alice,dropping,the,ball,of,worsted,1
of,the,shovel,and,here,are,1
by,the,fall,he,had,a,1
chessmen,down,in,the,hearth,among,1
the,summer,comes,again,and,when,1
his,breath,away,but,before,she,1
chimney,piece,you,know,you,can,1
not,talk,so,much,ill,tell,1
i,were,invisible,here,something,began,1
she,called,out,to,the,white,1
kitten,had,been,having,its,face,1
see,her,so,alice,picked,him,1
dont,get,blown,up,alice,watched,1
things,in,it,lets,pretend,theres,1
notice,of,the,question,it,was,1
she,put,her,head,closer,down,1
of,the,chessmen,down,in,the,1
queen,and,set,her,on,the,1
all,in,green,and,dance,about,1
her,hands,and,i,do,so,1
all,knots,and,tangles,with,the,1
clap,her,hands,and,i,do,1
who,liked,being,very,exact,had,1
to,a,scramble,in,which,the,1
was,hard,at,work,on,the,1
to,make,it,look,as,if,1
me,up,panted,the,queen,who,1
twice,while,dinah,was,washing,your,1
which,came,some,way,over,his,1
they,were,comfortably,settled,again,when,1
progress,of,the,winding,and,now,1
pretty,cried,alice,dropping,the,ball,1
alice,was,sitting,curled,up,in,1
to,cry,out,but,his,eyes,1
never,seen,in,all,her,life,1
the,wrong,way,i,know,that,1
dont,make,such,faces,my,dear,1
over,him,however,she,could,find,1
mouth,went,on,getting,larger,and,1
the,very,first,thing,she,did,1
once,well,i,shouldnt,mind,that,1
melt,away,just,like,a,bright,1
cross,a,voice,as,she,could,1
manage,this,one,a,bit,it,1
peep,of,the,passage,in,looking,1
well,considering,so,you,see,that,1
room,the,very,first,thing,she,1
us,away,from,alices,speech,to,1
rate,id,far,better,help,you,1
snowdrop,away,by,the,tail,just,1
as,different,as,possible,for,instance,1
though,she,hardly,knew,how,she,1
white,king,as,he,slowly,struggled,1
see,a,little,peep,of,the,1
then,with,the,other,paw,she,1
the,worsted,with,her,and,began,1
the,red,queen,alice,said,in,1
and,soft,it,sounds,just,as,1
out,into,the,snow,and,youd,1
a,model,for,it,to,imitate,1
up,it,wouldnt,have,happened,now,1
that,she,nearly,let,him,drop,1
a,scramble,in,which,the,ball,1
have,had,any,hand,in,the,1
his,nose,which,had,been,hurt,1
rest,and,once,she,had,really,1
now,you,watched,just,as,if,1
which,the,queen,replied,you,havent,1
with,great,curiosity,to,see,what,1
the,saucer,of,milk,before,her,1
and,set,her,on,the,table,1
how,it,would,look,this,led,1
of,the,end,of,the,pencil,1
mist,now,i,declare,itll,be,1
the,fender,imperial,fiddlestick,said,the,1
her,head,just,in,time,to,1
you,cant,deny,it,kitty,i,1
had,a,right,to,be,a,1
there,now,i,think,youre,tidy,1
had,argued,that,they,couldnt,because,1
seen,from,the,old,room,was,1
little,thing,cried,alice,catching,up,1
sort,of,mist,now,i,declare,1
im,a,hungry,hyaena,and,youre,1
till,the,summer,comes,again,and,1
to,be,of,use,and,as,1
chess,now,dont,smile,my,dear,1
kitten,and,sometimes,to,herself,kitty,1
so,you,see,that,it,couldnt,1
you,got,to,say,for,yourself,1
upon,a,chair,all,but,the,1
look,sleepy,in,the,autumn,when,1
however,the,thing,didnt,succeed,principally,1
sometimes,to,herself,kitty,sat,very,1
dont,think,they,can,hear,me,1
day,before,all,because,alice,had,1
ashes,from,head,to,foot,alice,1
to,live,in,looking,glass,house,1
at,last,she,said,why,youll,1
the,nose,and,just,now,as,1
dusted,he,was,far,too,much,1
out,my,dear,i,really,must,1
as,he,slowly,struggled,up,from,1
it,understand,that,it,was,in,1
her,knee,pretending,to,watch,the,1
were,thirsty,were,you,how,do,1
when,i,said,check,you,purred,1
any,whiskers,the,horror,of,that,1
wonder,if,theyd,give,you,milk,1
what,you,were,thirsty,were,you,1
the,cinders,my,precious,lily,my,1
of,the,white,pawns,roll,over,1
a,long,argument,with,her,sister,1
hardly,hold,you,and,dont,keep,1
is,taking,us,away,from,alices,1
alice,had,been,trying,to,wind,1
be,seen,from,the,old,room,1
suppose,when,the,day,came,or,1
now,i,declare,itll,be,easy,1
directly,she,added,ill,put,you,1
door,of,our,drawing,room,wide,1
to,herself,than,the,kitten,what,1
hours,and,hours,getting,to,the,1
the,progress,of,the,winding,and,1
your,faults,number,one,you,squeaked,1
all,but,the,bit,behind,the,1
me,see,suppose,each,punishment,was,1
his,mouth,went,on,getting,larger,1
just,see,a,little,peep,of,1
she,went,on,holding,up,one,1
see,that,it,couldnt,have,had,1
to,the,looking,glass,that,it,1
and,ill,be,all,the,rest,1
sure,they,cant,see,me,i,1
thats,three,faults,kitty,and,youve,1
looking,glass,house,how,would,you,1
it,snowed,so,they,had,to,1
the,fall,he,had,a,right,1
the,kitten,lets,pretend,that,youre,1
the,kitten,had,been,having,a,1
one,in,the,other,room,how,1
had,been,hurt,by,the,fall,1
on,the,chimney,piece,you,know,1
know,she,wasnt,thirsty,too,now,1
with,the,other,paw,she,rubbed,1
she,added,as,she,smoothed,his,1
by,the,side,of,her,noisy,1
whats,that,you,say,pretending,that,1
pencil,which,came,some,way,over,1
the,most,likely,place,to,find,1
queen,alice,said,in,a,whisper,1
the,regular,way,dont,get,blown,1
enough,to,get,through,she,was,1
a,voice,as,she,could,manage,1
room,wide,open,and,its,very,1
to,do,with,it,it,was,1
i,shouldnt,mind,that,much,id,1
way,i,can,see,all,of,1
nose,which,had,been,hurt,by,1
to,find,that,there,was,a,1
im,nearly,sure,they,cant,see,1
into,a,sort,of,mist,now,1
it,may,be,quite,different,on,1
room,you,can,see,through,the,1
other,way,i,can,see,all,1
water,to,throw,over,him,however,1
knots,and,tangles,with,the,kitten,1
castles,walking,arm,in,arm,i,1
look,as,if,they,had,a,1
shall,never,never,forget,you,will,1
you,know,unless,our,fire,smokes,1
them,so,gently,and,then,it,1
the,autumn,when,the,leaves,are,1
anxiously,into,the,fire,as,if,1
can,just,see,a,little,peep,1
kitten,which,was,lying,quite,still,1
added,ill,put,you,through,into,1
how,she,had,got,there,and,1
fender,imperial,fiddlestick,said,the,king,1
and,noticed,that,what,could,be,1
the,books,are,something,like,our,1
speaking,in,as,cross,a,voice,1
forget,you,will,though,the,queen,1
like,our,passage,as,far,as,1
unwound,every,bit,of,the,worsted,1
thought,alice,warmer,in,fact,because,1
one,blew,me,up,panted,the,1
might,as,well,dust,him,a,1
to,herself,as,she,noticed,several,1
you,out,into,the,snow,and,1
too,but,that,may,be,only,1
got,the,face,of,a,little,1
glass,house,kitty,i,wonder,if,1
off,the,table,and,set,it,1
a,whisper,for,fear,of,frightening,1
gently,and,then,it,covers,them,1
fire,smokes,and,then,smoke,comes,1
that,she,had,never,seen,in,1
our,passage,as,far,as,you,1
but,that,may,be,only,pretence,1
really,must,get,a,thinner,pencil,1
window,all,over,outside,i,wonder,1
she,found,he,had,recovered,and,1
easy,enough,to,get,through,she,1
now,dont,interrupt,me,she,went,1
because,there,were,only,two,of,1
the,king,went,on,i,shall,1
behind,so,i,shall,be,as,1
astonished,to,cry,out,but,his,1
tidy,enough,she,added,as,she,1
led,to,a,scramble,in,which,1
soft,it,sounds,just,as,if,1
three,faults,kitty,and,youve,not,1
the,end,of,the,pencil,which,1
the,window,and,putting,you,out,1
them,the,chessmen,were,walking,about,1
for,the,last,quarter,of,an,1
to,the,table,at,that,rate,1
had,any,hand,in,the,mischief,1
way,of,getting,through,into,it,1
then,she,scrambled,back,into,the,1
white,queen,cried,out,as,she,1
know,that,because,ive,held,up,1
been,rolling,it,up,and,down,1
and,its,very,like,our,passage,1
the,mischief,you,had,been,doing,1
exact,had,argued,that,they,couldnt,1
sat,very,demurely,on,her,knee,1
table,she,thought,she,might,as,1
to,say,well,you,can,be,1
pleased,to,find,that,there,was,1
so,they,had,to,leave,off,1
kitty,sat,very,demurely,on,her,1
him,upon,the,table,near,the,1
wouldnt,fold,its,arms,properly,so,1
glass,that,it,might,see,how,1
paw,she,rubbed,its,face,all,1
over,and,begin,kicking,she,watched,1
king,immediately,fell,flat,on,his,1
it,would,be,glad,to,help,1
to,punish,it,she,held,it,1
on,the,table,behind,alice,and,1
earlier,in,the,afternoon,and,so,1
could,do,nothing,but,hug,the,1
over,the,wrong,way,beginning,at,1
cant,manage,this,one,a,bit,1
talking,more,to,herself,than,the,1
of,them,yet,you,know,im,1
it,somehow,kitty,lets,pretend,the,1
the,worsted,while,i,wasnt,looking,1
put,her,head,closer,down,and,1
the,day,came,or,let,me,1
or,let,me,see,suppose,each,1
a,bit,it,writes,all,manner,1
it,it,was,the,black,kittens,1
down,upon,the,floor,and,yards,1
if,you,dont,make,a,memorandum,1
came,i,should,have,to,go,1
fireplace,oh,i,do,so,wish,1
in,here,and,cant,get,at,1
manage,and,then,she,scrambled,back,1
to,foot,alice,was,very,anxious,1
than,eat,them,do,you,hear,1
air,by,an,invisible,hand,and,1
for,that,nasty,knight,that,came,1
themselves,all,in,green,and,dance,1
her,sister,who,liked,being,very,1
rolling,it,up,and,down,till,1
shut,them,tight,up,it,wouldnt,1
much,ill,tell,you,all,my,1
well,you,can,be,one,of,1
red,queen,kitty,do,you,know,1
pretend,that,im,a,hungry,hyaena,1
sister,only,the,day,before,all,1
thing,down,by,its,ear,with,1
volcano,said,the,king,looking,up,1
struggled,up,from,bar,to,bar,1
dear,i,turned,cold,to,the,1
just,like,a,bright,silvery,mist,1
the,passage,you,can,just,see,1
back,and,lay,perfectly,still,and,1
quite,different,on,beyond,oh,kitty,1
watched,just,as,if,you,understood,1
of,milk,before,her,what,you,1
now,as,i,said,she,was,1
his,shoulder,and,began,writing,for,1
here,something,began,squeaking,on,the,1
do,you,hear,the,snow,against,1
it,is,the,voice,of,my,1
dont,interrupt,me,she,went,on,1
you,whats,that,you,say,pretending,1
called,out,to,the,white,king,1
all,come,undone,again,and,there,1
snug,you,know,with,a,white,1
check,kitty,and,really,i,might,1
the,window,with,me,only,dinah,1
kitten,was,speaking,her,paw,went,1
wound,two,or,three,turns,of,1
such,a,face,as,the,king,1
come,undone,again,and,there,it,1
leave,the,door,of,our,drawing,1
words,go,the,wrong,way,i,1
my,dear,i,really,must,get,1
and,the,queen,were,talking,together,1
i,shall,never,never,forget,you,1
the,glass,and,had,jumped,lightly,1
been,for,that,nasty,knight,that,1
i,heard,you,whats,that,you,1
saying,anything,but,alice,was,too,1
held,up,one,of,our,books,1
queen,that,she,mightnt,take,his,1
sister,who,liked,being,very,exact,1
watch,the,progress,of,the,winding,1
the,room,to,see,if,she,1
frightened,whisper,so,low,that,alice,1
wide,open,all,the,ashes,will,1
in,arm,i,dont,think,they,1
said,the,king,looking,up,anxiously,1
as,far,as,you,can,see,1
old,nurse,by,shouting,suddenly,in,1
all,my,ideas,about,looking,glass,1
and,trying,to,purr,no,doubt,1
and,giving,it,a,little,kiss,1
the,white,kitten,had,been,having,1
closer,down,and,im,nearly,sure,1
they,said,the,king,was,saying,1
so,angry,kitty,alice,went,on,1
old,cat,and,speaking,in,as,1
now,if,youll,only,attend,kitty,1
so,with,laughing,that,she,nearly,1
kitten,as,a,model,for,it,1
pretend,that,youre,the,red,queen,1
up,in,the,summer,kitty,they,1
slowly,than,she,had,lifted,the,1
as,warm,here,as,i,was,1
with,great,interest,as,the,king,1
milk,before,her,what,you,were,1
eyes,and,his,mouth,went,on,1
you,can,see,only,you,know,1
really,dinah,ought,to,have,taught,1
as,they,were,comfortably,settled,again,1
at,the,end,of,a,year,1
her,life,such,a,face,as,1
the,poor,thing,down,by,its,1
a,way,of,getting,through,into,1
arm,i,dont,think,they,can,1
her,so,alice,picked,him,up,1
down,till,it,had,all,come,1
cold,and,it,snowed,so,they,1
surprise,she,was,down,on,her,1
up,alice,watched,the,white,king,1
memorandum,of,it,alice,looked,on,1
came,or,let,me,see,suppose,1
if,he,thought,that,was,the,1
pocket,and,began,writing,a,sudden,1
get,into,it,there,now,i,1
if,she,could,find,any,water,1
house,first,theres,the,room,you,1
invisible,hand,and,being,dusted,he,1
think,youre,tidy,enough,she,added,1
thought,she,might,as,well,dust,1
and,set,him,upon,the,table,1
that,it,was,all,meant,for,1
summer,kitty,they,dress,themselves,all,1
the,looking,glass,room,the,very,1
can,you,play,chess,now,dont,1
pulled,snowdrop,away,by,the,tail,1
just,to,see,how,it,would,1
up,the,queen,and,set,her,1
if,the,snow,loves,the,trees,1
really,i,might,have,won,if,1
when,she,got,back,with,it,1
begun,with,lets,pretend,were,kings,1
can,see,only,you,know,it,1
like,to,live,in,looking,glass,1
she,went,on,as,she,put,1
cant,see,me,i,feel,somehow,1
perhaps,looking,glass,milk,isnt,good,1
bit,i,want,so,much,to,1
table,and,set,it,up,before,1
ear,with,one,paw,and,then,1
so,cold,and,it,snowed,so,1
and,now,and,then,putting,out,1
hair,and,set,him,upon,the,1
the,queen,gasped,and,sat,down,1
ball,of,worsted,to,clap,her,1
had,got,there,and,certainly,the,1
alices,speech,to,the,kitten,lets,1
no,notice,of,the,question,it,1
away,her,breath,and,for,a,1
larger,and,rounder,and,rounder,till,1
sulky,it,was,and,if,youre,1
seriously,because,when,we,were,playing,1
fire,oh,what,fun,itll,be,1
alice,used,to,say,beginning,with,1
to,tell,you,all,your,faults,1
fire,well,then,the,books,are,1
had,saved,up,all,my,punishments,1
kitten,had,had,nothing,to,do,1
for,keeping,your,eyes,open,if,1
good,but,the,black,kitten,had,1
you,sat,up,and,folded,your,1
with,the,queen,for,he,was,1
get,through,into,looking,glass,house,1
middle,oh,you,wicked,little,thing,1
and,then,it,covers,them,up,1
a,sort,of,mist,now,i,1
it,sounds,just,as,if,some,1
whether,there,was,a,fire,in,1
king,and,the,red,queen,alice,1
they,can,hear,me,she,went,1
please,dont,make,such,faces,my,1
himself,held,in,the,air,by,1
the,window,all,over,outside,i,1
deny,it,kitty,i,heard,you,1
morning,now,you,cant,deny,it,1
she,could,manage,and,then,she,1
here,are,two,castles,walking,arm,1
and,she,began,scrambling,wildly,up,1
in,the,window,with,me,only,1
and,fields,that,it,kisses,them,1
afterwards,that,she,had,never,seen,1
noticed,several,of,the,chessmen,down,1
will,though,the,queen,said,if,1
see,what,would,happen,next,it,1
the,back,of,it,in,the,1
pretence,just,to,make,it,look,1
king,rubbing,his,nose,which,had,1
the,volcano,what,volcano,said,the,1
regular,way,dont,get,blown,up,1
half,the,things,alice,used,to,1
had,got,the,face,of,a,1
left,behind,so,i,shall,be,1
our,drawing,room,wide,open,and,1
hand,shook,so,with,laughing,that,1
fall,he,had,a,right,to,1
and,he,and,the,queen,were,1
was,beginning,to,melt,away,just,1
very,pretty,cried,alice,dropping,the,1
such,beautiful,things,in,it,lets,1
and,so,while,alice,was,sitting,1
over,outside,i,wonder,if,the,1
getting,larger,and,larger,and,rounder,1
without,saying,anything,but,alice,was,1
its,own,tail,in,the,middle,1
near,the,queen,the,king,immediately,1
worsted,with,her,and,began,winding,1
began,squeaking,on,the,table,behind,1
its,turning,into,a,sort,of,1
of,the,worsted,while,i,wasnt,1
her,what,you,were,thirsty,were,1
you,had,been,doing,i,was,1
have,won,if,it,hadnt,been,1
fire,seemed,to,be,all,alive,1
the,kitten,and,sometimes,to,herself,1
our,drawing,room,only,the,things,1
had,done,and,went,round,the,1
began,looking,about,and,noticed,that,1
you,know,i,think,if,you,1
if,theyd,give,you,milk,in,1
got,oh,such,beautiful,things,in,1
room,thought,alice,warmer,in,fact,1
take,his,breath,away,but,before,1
her,sister,only,the,day,before,1
again,do,you,know,i,was,1
hearth,among,the,cinders,but,in,1
feeling,that,it,was,all,meant,1
say,well,you,can,be,one,1
my,dear,she,cried,out,quite,1
the,table,by,the,side,of,1
my,child,the,white,queen,cried,1
of,frightening,them,and,there,are,1
to,find,one,blew,me,up,1
it,writes,all,manner,of,things,1
cinders,my,precious,lily,my,imperial,1
that,may,be,only,pretence,just,1
tail,just,as,i,had,put,1
but,she,didnt,get,on,very,1
king,made,when,he,found,himself,1
day,came,i,should,have,to,1
and,struggled,with,the,pencil,for,1
drop,upon,the,floor,oh,please,1
and,then,putting,out,one,paw,1
bright,silvery,mist,in,another,moment,1
so,wish,i,could,see,that,1
she,did,was,to,look,whether,1
when,i,get,upon,a,chair,1
this,morning,now,you,cant,deny,1
arm,in,arm,i,dont,think,1
into,your,eye,well,thats,your,1
you,watched,just,as,if,you,1
let,him,drop,upon,the,floor,1
that,was,the,most,likely,place,1
though,the,queen,said,if,you,1
you,little,mischievous,darling,what,have,1
queen,were,talking,together,in,a,1
and,down,till,it,had,all,1
alice,warmer,in,fact,because,therell,1
and,certainly,the,glass,was,beginning,1
had,nothing,to,do,with,it,1
of,the,great,arm,chair,half,1
might,do,you,know,what,to,1
be,if,we,could,only,get,1
childrens,faces,was,this,first,she,1
it,would,be,if,we,could,1
till,at,last,she,said,why,1
a,bottle,of,ink,and,when,1
so,i,shall,be,as,warm,1
a,fit,she,hastily,picked,up,1
thought,that,was,the,most,likely,1
likely,place,to,find,one,blew,1
beginning,to,melt,away,just,like,1
the,king,couldnt,hear,her,you,1
outside,i,wonder,if,the,snow,1
face,this,morning,now,you,cant,1
asleep,the,kitten,had,been,having,1
could,tell,you,half,the,things,1
we,could,only,get,through,into,1
see,me,i,feel,somehow,as,1
lets,pretend,she,had,had,quite,1
why,its,turning,into,a,sort,1
it,she,found,he,had,recovered,1
of,the,winding,and,now,and,1
with,me,only,dinah,was,making,1
as,soon,as,they,were,comfortably,1
he,was,far,too,much,astonished,1
curiosity,to,see,what,would,happen,1
got,all,soft,like,gauze,so,1
the,black,kitten,had,been,finished,1
it,to,imitate,however,the,thing,1
through,into,looking,glass,house,im,1
moment,the,king,went,on,i,1
she,smoothed,his,hair,and,set,1
had,recovered,and,he,and,the,1
dear,she,cried,out,quite,forgetting,1
from,alices,speech,to,the,kitten,1
of,a,little,old,man,and,1
kitten,what,would,they,do,at,1
his,eyes,and,his,mouth,went,1
a,right,to,be,a,little,1
as,if,some,one,was,kissing,1
couldnt,have,had,any,hand,in,1
milk,in,there,perhaps,looking,glass,1
into,looking,glass,house,im,sure,1
kings,and,queens,and,her,sister,1
unwound,again,do,you,know,i,1
and,once,she,had,really,frightened,1
and,there,are,the,white,king,1
kicking,she,watched,it,with,great,1
as,she,smoothed,his,hair,and,1
in,a,frightened,whisper,so,low,1
i,was,very,nearly,opening,the,1
to,get,through,she,was,up,1
about,two,and,two,here,are,1
bottle,of,ink,and,when,she,1
up,in,a,corner,of,the,1
sure,the,woods,look,sleepy,in,1
smile,my,dear,im,asking,it,1
eyes,open,if,youd,shut,them,1
had,recovered,her,breath,a,little,1
and,yards,and,yards,of,it,1
youre,a,bone,but,this,is,1
in,disgrace,really,dinah,ought,to,1
looking,thats,three,faults,kitty,and,1
them,and,alice,had,been,reduced,1
thing,was,certain,that,the,white,1
principally,alice,said,because,the,kitten,1
that,im,a,hungry,hyaena,and,1
to,morrow,here,alice,wound,two,1
the,table,and,set,it,up,1
guessed,if,youd,been,up,in,1
long,argument,with,her,sister,only,1
squeaking,on,the,table,behind,alice,1
tell,you,all,your,faults,number,1
table,near,the,queen,the,king,1
comfortably,settled,again,when,i,saw,1
oh,kitty,how,nice,it,would,1
morrow,is,kitty,alice,began,youd,1
all,over,outside,i,wonder,if,1
forgetting,that,the,king,couldnt,hear,1
say,pretending,that,the,kitten,was,1
watching,the,boys,getting,in,sticks,1
was,saying,i,assure,you,my,1
last,to,say,well,you,can,1
you,were,thirsty,were,you,how,1
glass,house,im,sure,its,got,1
chair,all,but,the,bit,behind,1
her,favourite,phrase,lets,pretend,she,1
you,see,that,it,couldnt,have,1
quarter,of,an,hour,and,bearing,1
up,snug,you,know,with,a,1
all,because,alice,had,begun,with,1
feel,somehow,as,if,i,were,1
to,scold,me,away,from,the,1
that,came,wiggling,down,among,my,1
red,king,and,the,red,queen,1
little,lily,in,silence,as,soon,1
sulkily,among,the,ashes,mind,the,1
now,and,then,putting,out,one,1
the,wind,blows,oh,thats,very,1
if,they,had,a,fire,well,1
paw,and,then,with,the,other,1
never,can,tell,you,know,unless,1
piece,while,she,said,this,though,1
of,getting,through,into,it,somehow,1
not,been,punished,for,any,of,1
and,two,here,are,the,red,1
said,because,the,kitten,wouldnt,fold,1
down,and,im,nearly,sure,they,1
,,,,looking,glass,1
your,face,this,morning,now,you,1
know,what,to,morrow,is,kitty,1
sitting,on,the,edge,of,the,1
was,up,on,the,chimney,piece,1
fit,she,hastily,picked,up,the,1
be,easy,enough,to,get,through,1
done,and,went,round,the,room,1
on,his,back,and,lay,perfectly,1
a,face,as,the,king,made,1
of,them,then,and,ill,be,1
thing,didnt,succeed,principally,alice,said,1
to,be,a,little,annoyed,with,1
you,ought,she,added,looking,reproachfully,1
air,had,quite,taken,away,her,1
the,side,of,the,fender,imperial,1
said,if,you,dont,make,a,1
over,among,the,cinders,my,precious,1
kitty,alice,went,on,as,soon,1
an,hour,and,bearing,it,pretty,1
you,know,it,may,be,quite,1
the,old,room,was,quite,common,1
in,another,moment,with,a,little,1
arms,youd,look,exactly,like,her,1
now,i,think,youre,tidy,enough,1
kittens,fault,entirely,for,the,white,1
the,queen,were,talking,together,in,1
be,glad,to,help,if,it,1
you,wicked,little,thing,cried,alice,1
him,on,the,table,she,thought,1
about,looking,glass,house,first,theres,1
you,can,be,one,of,them,1
glass,was,beginning,to,melt,away,1
clear,that,he,could,neither,hear,1
it,would,look,this,led,to,1
of,it,in,the,looking,glass,1
so,that,i,can,hardly,hold,1
found,he,had,recovered,and,he,1
but,hug,the,little,lily,in,1
in,the,air,by,an,invisible,1
afternoon,and,so,while,alice,was,1
moment,with,a,little,oh,of,1
it,might,do,you,know,what,1
how,nice,and,soft,it,sounds,1
of,it,alice,looked,on,with,1
looking,glass,that,it,might,see,1
all,your,punishments,for,wednesday,week,1
snowed,so,they,had,to,leave,1
but,the,black,kitten,had,been,1
if,youre,not,good,directly,she,1
hungry,hyaena,and,youre,a,bone,1
the,chessmen,down,in,the,hearth,1
neither,hear,her,nor,see,her,1
up,from,bar,to,bar,till,1
nurse,by,shouting,suddenly,in,her,1
rounder,till,her,hand,shook,so,1
wrong,way,beginning,at,the,nose,1
in,another,moment,alice,was,through,1
a,real,one,blazing,away,as,1
you,purred,well,it,was,a,1
away,just,like,a,bright,silvery,1
wish,it,was,true,im,sure,1
now,do,try,theres,a,dear,1
keep,your,mouth,so,wide,open,1
the,queen,for,he,was,covered,1
to,see,what,would,happen,next,1
the,cinders,but,in,another,moment,1
see,me,through,the,glass,in,1
a,bone,but,this,is,taking,1
well,i,shouldnt,mind,that,much,1
still,a,little,out,of,breath,1
was,in,disgrace,really,dinah,ought,1
head,to,foot,alice,was,very,1
first,theres,the,room,you,can,1
had,been,finished,with,earlier,in,1
we,were,playing,just,now,you,1
the,edge,of,the,shovel,and,1
at,last,he,panted,out,my,1
as,if,it,would,be,glad,1
so,to,punish,it,she,held,1
ill,tell,you,all,my,ideas,1
an,enormous,memorandum,book,out,of,1
without,them,than,eat,them,do,1
know,you,ought,she,added,looking,1
of,mist,now,i,declare,itll,1
with,one,paw,and,then,with,1
ideas,about,looking,glass,house,first,1
a,little,oh,of,surprise,she,1
the,hearth,rug,all,knots,and,1
she,rubbed,its,face,all,over,1
table,at,that,rate,id,far,1
about,whenever,the,wind,blows,oh,1
excuses,but,listen,number,two,you,1
pretend,the,glass,has,got,all,1
do,so,wish,it,was,true,1
fast,as,she,was,talking,all,1
sometimes,to,the,kitten,and,sometimes,1
it,and,when,i,said,check,1
oh,thats,very,pretty,cried,alice,1
wish,i,could,see,that,bit,1
the,white,kitten,which,was,lying,1
kitty,only,it,got,so,cold,1
out,quite,forgetting,that,the,king,1
and,when,i,said,check,you,1
just,in,time,to,see,one,1
the,summer,kitty,they,dress,themselves,1
got,so,cold,and,it,snowed,1
in,a,corner,of,the,great,1
you,never,can,tell,you,know,1
you,squeaked,twice,while,dinah,was,1
king,and,the,white,queen,sitting,1
talk,so,much,ill,tell,you,1
looking,glass,house,one,thing,was,1
queen,cried,out,as,she,rushed,1
the,horror,of,that,moment,the,1
was,as,different,as,possible,for,1
hold,up,one,in,the,other,1
way,dinah,washed,her,childrens,faces,1
own,tail,in,the,middle,oh,1
an,invisible,hand,and,being,dusted,1
knocked,him,over,among,the,cinders,1
half,asleep,the,kitten,had,been,1
faults,kitty,and,youve,not,been,1
the,wall,next,the,fire,seemed,1
tidy,so,you,couldnt,i,was,1
punishments,she,went,on,talking,more,1
that,much,id,far,rather,go,1
have,deserved,it,you,little,mischievous,1
mischief,the,way,dinah,washed,her,1
be,going,without,a,dinner,then,1
the,bit,behind,the,fireplace,oh,1
her,paw,went,into,your,eye,1
was,through,the,glass,and,had,1
never,never,forget,you,will,though,1
alice,began,youd,have,guessed,if,1
it,in,the,looking,glass,had,1
her,old,nurse,by,shouting,suddenly,1
you,pulled,snowdrop,away,by,the,1
let,me,see,suppose,each,punishment,1
dust,him,a,little,he,was,1
got,there,and,certainly,the,glass,1
she,had,left,behind,so,i,1
out,one,paw,and,gently,touching,1
so,much,ill,tell,you,all,1
as,she,was,talking,all,the,1
the,time,sometimes,to,the,kitten,1
happened,now,dont,make,any,more,1
alice,could,hardly,hear,what,they,1
theres,a,way,of,getting,through,1
far,too,much,astonished,to,cry,1
a,year,i,should,be,sent,1
all,her,life,such,a,face,1
without,a,dinner,then,when,the,1
she,was,quite,pleased,to,find,1
could,neither,hear,her,nor,see,1
window,and,putting,you,out,into,1
glad,to,help,if,it,might,1
arms,properly,so,to,punish,it,1
there,was,a,real,one,blazing,1
and,alice,was,a,little,alarmed,1
the,king,so,violently,that,she,1
i,was,watching,the,boys,getting,1
for,wednesday,week,suppose,they,had,1
rug,all,knots,and,tangles,with,1
it,got,unwound,again,do,you,1
worsted,alice,had,been,trying,to,1
and,at,last,he,panted,out,1
a,fire,in,the,winter,you,1
and,half,asleep,the,kitten,had,1
a,little,he,was,so,covered,1
hyaena,and,youre,a,bone,but,1
lets,pretend,that,im,a,hungry,1
he,could,neither,hear,her,nor,1
little,peep,of,the,passage,in,1
cinders,but,in,another,moment,with,1
for,him,the,poor,king,looked,1
and,she,took,hold,of,the,1
me,she,went,on,holding,up,1
better,help,you,hadnt,i,but,1
had,begun,with,lets,pretend,were,1
and,gently,touching,the,ball,as,1
queen,for,he,was,covered,with,1
be,hours,and,hours,getting,to,1
rest,was,as,different,as,possible,1
in,the,autumn,when,the,leaves,1
each,punishment,was,to,be,going,1
was,nearly,screaming,herself,into,a,1
ought,she,added,looking,reproachfully,at,1
shouldnt,mind,that,much,id,far,1
trying,to,wind,up,and,had,1
time,to,see,one,of,the,1
a,dinner,then,when,the,miserable,1
couldnt,hear,her,you,make,me,1
old,man,and,grinned,at,her,1
room,to,see,if,she,could,1
why,youll,be,hours,and,hours,1
make,it,look,as,if,they,1
eat,them,do,you,hear,the,1
me,laugh,so,that,i,can,1
just,as,i,had,put,down,1
had,been,reduced,at,last,to,1
cold,to,the,very,ends,of,1
another,moment,with,a,little,oh,1
was,quite,common,and,uninteresting,but,1
and,youre,a,bone,but,this,1
her,hand,shook,so,with,laughing,1
be,sent,to,prison,i,suppose,1
brightly,as,the,one,she,had,1
quite,a,long,argument,with,her,1
model,for,it,to,imitate,however,1
up,in,the,window,with,me,1
one,of,the,white,pawns,roll,1
him,across,more,slowly,than,she,1
herself,into,a,fit,she,hastily,1
being,dusted,he,was,far,too,1
passage,you,can,just,see,a,1
but,his,eyes,and,his,mouth,1
look,this,led,to,a,scramble,1
set,him,upon,the,table,near,1
then,the,books,are,something,like,1
it,she,held,it,up,to,1
on,the,white,kitten,which,was,1
the,kitten,and,the,worsted,with,1
mind,that,much,id,far,rather,1
it,might,see,how,sulky,it,1
the,fire,oh,what,fun,itll,1
the,things,go,the,other,way,1
to,the,glass,and,then,they,1
she,said,why,youll,be,hours,1
but,in,another,moment,with,a,1
one,here,to,scold,me,away,1
king,was,saying,i,assure,you,1
darlings,till,the,summer,comes,again,1
couldnt,because,there,were,only,two,1
laughing,that,she,nearly,let,him,1
in,the,afternoon,and,so,while,1
so,that,we,can,get,through,1
like,gauze,so,that,we,can,1
who,was,still,a,little,out,1
see,that,bit,i,want,so,1
saving,up,all,your,punishments,for,1
the,window,panes,kitty,how,nice,1
i,dont,think,they,can,hear,1
but,alice,was,too,strong,for,1
was,quite,pleased,to,find,that,1
do,at,the,end,of,a,1
getting,brown,kitty,can,you,play,1
hold,of,the,end,of,the,1
only,pretence,just,to,make,it,1
what,could,be,seen,from,the,1
larger,and,larger,and,rounder,and,1
help,if,it,might,do,you,1
writing,a,sudden,thought,struck,her,1
which,was,lying,quite,still,and,1
or,two,she,could,do,nothing,1
very,ends,of,my,whiskers,to,1
of,use,and,as,the,poor,1
he,had,recovered,and,he,and,1
manners,you,ought,dinah,you,know,1
mouth,so,wide,open,all,the,1
she,noticed,several,of,the,chessmen,1
things,go,the,other,way,i,1
through,the,glass,in,here,and,1
again,and,when,they,wake,up,1
thought,struck,her,and,she,took,1
watched,the,white,king,as,he,1
work,on,the,white,kitten,which,1
went,round,the,room,to,see,1
too,much,astonished,to,cry,out,1
back,of,it,in,the,looking,1
the,ball,of,worsted,alice,had,1
great,interest,as,the,king,took,1
they,had,to,leave,off,never,1
in,the,other,room,how,would,1
exactly,like,her,now,do,try,1
is,the,voice,of,my,child,1
worsted,round,the,kittens,neck,just,1
going,without,a,dinner,then,when,1
she,added,ill,put,you,through,1
glass,and,had,jumped,lightly,down,1
quilt,and,perhaps,it,says,go,1
more,to,herself,than,the,kitten,1
as,our,drawing,room,only,the,1
somehow,kitty,lets,pretend,the,glass,1
suddenly,in,her,ear,nurse,do,1
do,you,know,what,to,morrow,1
milk,isnt,good,to,drink,but,1
doubt,feeling,that,it,was,all,1
what,to,morrow,is,kitty,alice,1
and,the,red,queen,alice,said,1
beginning,with,her,favourite,phrase,lets,1
looking,about,and,noticed,that,what,1
immediately,fell,flat,on,his,back,1
into,it,somehow,kitty,lets,pretend,1
sent,to,prison,i,suppose,when,1
well,go,and,see,the,bonfire,1
said,afterwards,that,she,had,never,1
that,youre,the,red,queen,kitty,1
lily,was,nearly,screaming,herself,into,1
the,chessmen,were,walking,about,two,1
the,other,way,i,can,see,1
favourite,phrase,lets,pretend,she,had,1
see,through,the,glass,thats,just,1
i,shall,be,as,warm,here,1
was,the,most,likely,place,to,1
did,was,to,look,whether,there,1
do,you,know,i,think,if,1
up,and,folded,your,arms,youd,1
the,snow,against,the,window,panes,1
alice,thought,to,herself,as,she,1
are,something,like,our,books,only,1
very,exact,had,argued,that,they,1
they,do,at,the,end,of,1
reduced,at,last,to,say,well,1
she,might,as,well,dust,him,1
argument,with,her,sister,only,the,1
we,come,to,the,passage,you,1
that,they,couldnt,because,there,were,1
him,up,very,gently,and,lifted,1
minute,or,two,she,could,do,1
ought,dinah,you,know,you,ought,1
among,the,cinders,my,precious,lily,1
other,paw,she,rubbed,its,face,1
and,had,been,rolling,it,up,1
you,all,your,faults,number,one,1
may,be,only,pretence,just,to,1
it,wants,plenty,of,sticks,kitty,1
roll,over,and,begin,kicking,she,1
this,one,a,bit,it,writes,1
to,prison,i,suppose,when,the,1
all,over,the,wrong,way,beginning,1
would,be,glad,to,help,if,1
was,still,a,little,out,of,1
be,a,little,annoyed,with,the,1
them,than,eat,them,do,you,1
the,queen,replied,you,havent,got,1
oh,please,dont,make,such,faces,1
sitting,curled,up,in,a,corner,1
had,quite,taken,away,her,breath,1
fell,flat,on,his,back,and,1
could,only,get,through,into,looking,1
the,hearth,among,the,cinders,but,1
lets,pretend,that,youre,the,red,1
would,look,this,led,to,a,1
as,cross,a,voice,as,she,1
on,as,she,put,her,head,1
black,kitten,had,been,finished,with,1
in,all,her,life,such,a,1
but,the,bit,behind,the,fireplace,1
up,to,the,looking,glass,that,1
a,fire,well,then,the,books,1
bit,behind,the,fireplace,oh,i,1
are,the,red,king,and,the,1
yards,and,yards,of,it,got,1
interrupt,me,she,went,on,holding,1
ashes,mind,the,volcano,what,volcano,1
noisy,little,daughter,the,queen,gasped,1
hear,what,they,said,the,king,1
bonfire,to,morrow,here,alice,wound,1
last,she,said,why,youll,be,1
place,to,find,one,blew,me,1
ive,held,up,one,of,our,1
and,bearing,it,pretty,well,considering,1
i,should,have,to,go,without,1
grinned,at,her,they,dont,keep,1
to,see,how,it,would,look,1
was,sitting,sulkily,among,the,ashes,1
and,dont,keep,your,mouth,so,1
held,the,poor,thing,down,by,1
she,cried,out,quite,forgetting,that,1
so,tidy,as,the,other,alice,1
to,herself,and,half,asleep,the,1
nurse,do,lets,pretend,that,im,1
the,boys,getting,in,sticks,for,1
the,queen,who,was,still,a,1
that,there,was,a,real,one,1
on,talking,more,to,herself,than,1
a,corner,of,the,great,arm,1
so,while,alice,was,sitting,curled,1
were,talking,together,in,a,frightened,1
it,got,so,cold,and,it,1
it,alice,looked,on,with,great,1
great,curiosity,to,see,what,would,1
room,too,but,that,may,be,1
here,and,cant,get,at,me,1
such,faces,my,dear,she,cried,1
a,thinner,pencil,i,cant,manage,1
talking,to,herself,and,half,asleep,1
on,the,edge,of,the,shovel,1
i,know,that,because,ive,held,1
queen,said,if,you,dont,make,1
king,looking,up,anxiously,into,the,1
winding,and,now,and,then,putting,1
bar,till,at,last,she,said,1
of,that,moment,the,king,went,1
the,white,kitten,had,had,nothing,1
took,hold,of,the,end,of,1
she,said,this,though,she,hardly,1
very,demurely,on,her,knee,pretending,1
properly,so,to,punish,it,she,1
kitten,and,she,began,scrambling,wildly,1
didnt,get,on,very,fast,as,1
smoke,comes,up,in,that,room,1
took,no,notice,of,the,question,1
all,alive,and,the,very,clock,1
and,uninteresting,but,that,all,the,1
see,how,sulky,it,was,and,1
through,the,air,had,quite,taken,1
while,i,wasnt,looking,thats,three,1
the,very,clock,on,the,chimney,1
possible,for,instance,the,pictures,on,1
because,alice,had,begun,with,lets,1
watched,it,with,great,curiosity,to,1
and,when,she,got,back,with,1
might,have,won,if,it,hadnt,1
having,a,grand,game,of,romps,1
dinah,ought,to,have,taught,you,1
covers,them,up,snug,you,know,1
the,other,room,how,would,you,1
imperial,kitten,and,she,began,scrambling,1
breath,and,for,a,minute,or,1
fact,because,therell,be,no,one,1
out,but,his,eyes,and,his,1
having,its,face,washed,by,the,1
and,dance,about,whenever,the,wind,1
red,queen,alice,said,in,a,1
number,one,you,squeaked,twice,while,1
turning,into,a,sort,of,mist,1
the,other,alice,thought,to,herself,1
gently,and,lifted,him,across,more,1
as,the,king,took,an,enormous,1
as,brightly,as,the,one,she,1
that,bit,i,want,so,much,1
queen,replied,you,havent,got,any,1
as,she,put,her,head,closer,1
up,all,my,punishments,she,went,1
little,annoyed,with,the,queen,for,1
what,they,said,the,king,was,1
she,hardly,knew,how,she,had,1
hardly,knew,how,she,had,got,1
rubbing,his,nose,which,had,been,1
to,clap,her,hands,and,i,1
paw,went,into,your,eye,well,1
far,rather,go,without,them,than,1
oh,of,surprise,she,was,down,1
they,cant,see,me,i,feel,1
alice,went,on,as,soon,as,1
went,on,getting,larger,and,larger,1
warm,here,as,i,was,in,1
of,sticks,kitty,only,it,got,1
only,get,through,into,looking,glass,1